Annee,Groupe,Code_H,Ligne_Analytique,2022,2022,2022,2022,2022,2022,2022,2022,2022,2022,2022,2022,2022,2023,2023,2023,2023,2023,2023,2023,2023,2023,2023,2023,2023,2023,2024,2024,2024,2024,2024,2024,2024,2024,2024,2024,2024,2024,2024,2025,2025,2025,2025,2025,2025,2025,2025,2025,2025,2025,2025,2025,2025,2025,2025,2025,2025,2025,2025,2025,2025,2025,2025,2025,2025,2026,2026,2026,2026,2026,2026,2026,2026,2026,2026,2026,2026,2026
Contexte,,,,Réel,Réel,Réel,Réel,Réel,Réel,Réel,Réel,Réel,Réel,Réel,Réel,Réel,Réel,Réel,Réel,Réel,Réel,Réel,Réel,Réel,Réel,Réel,Réel,Réel,Réel,Réel,Réel,Réel,Réel,Réel,Réel,Réel,Réel,Réel,Réel,Réel,Réel,Réel,Prévision,Prévision,Prévision,Prévision,Prévision,Prévision,Prévision,Prévision,Prévision,Prévision,Prévision,Prévision,Prévision,Budget,Budget,Budget,Budget,Budget,Budget,Budget,Budget,Budget,Budget,Budget,Budget,Budget,Budget,Budget,Budget,Budget,Budget,Budget,Budget,Budget,Budget,Budget,Budget,Budget,Budget
Mois,,,,1,2,3,4,5,6,7,8,9,10,11,12,12,1,2,3,4,5,6,7,8,9,10,11,12,12,1,2,3,4,5,6,7,8,9,10,11,12,12,1,2,3,4,5,6,7,8,9,10,11,12,12,1,2,3,4,5,6,7,8,9,10,11,12,12,1,2,3,4,5,6,7,8,9,10,11,12,12
Nature de l'écriture,,,,Mensuelle,Mensuelle,Mensuelle,Mensuelle,Mensuelle,Mensuelle,Mensuelle,Mensuelle,Mensuelle,Mensuelle,Mensuelle,Mensuelle,Annuelle,Mensuelle,Mensuelle,Mensuelle,Mensuelle,Mensuelle,Mensuelle,Mensuelle,Mensuelle,Mensuelle,Mensuelle,Mensuelle,Mensuelle,Annuelle,Mensuelle,Mensuelle,Mensuelle,Mensuelle,Mensuelle,Mensuelle,Mensuelle,Mensuelle,Mensuelle,Mensuelle,Mensuelle,Mensuelle,Annuelle,Mensuelle,Mensuelle,Mensuelle,Mensuelle,Mensuelle,Mensuelle,Mensuelle,Mensuelle,Mensuelle,Mensuelle,Mensuelle,Mensuelle,Annuelle,Mensuelle,Mensuelle,Mensuelle,Mensuelle,Mensuelle,Mensuelle,Mensuelle,Mensuelle,Mensuelle,Mensuelle,Mensuelle,Mensuelle,Annuelle,Mensuelle,Mensuelle,Mensuelle,Mensuelle,Mensuelle,Mensuelle,Mensuelle,Mensuelle,Mensuelle,Mensuelle,Mensuelle,Mensuelle,Annuelle
0,Chiffre d'affaire,1.,RECETTES,166643.0,141995.0,139423.0,157690.0,133213.0,136995.0,175378.0,141135.0,151990.0,201278.0,162823.0,147451.0,1856015.0,183119.0,158407.0,155115.0,185885.0,158143.0,173046.0,191374.0,166376.0,171976.0,201735.0,170142.0,150136.0,2065453.0,199872.0,165764.0,169182.0,197009.0,170751.0,172138.0,203792.0,176372.0,178409.0,208224.0,180249.0,171647.0,2193409.0,212071.0,177667.0,172020.0,201082.0,167279.0,170171.0,196665.0,173856.0,174536.0,204356.0,172626.0,159977.0,2182306.0,201541.0,167132.0,170307.0,198725.0,172286.0,173711.0,205848.0,178112.0,180090.0,210350.0,181774.0,165992.0,2205868.0,209435.0,176626.0,173274.0,204957.0,171803.0,176400.0,204364.0,178761.0,176367.0,206846.0,177050.0,165800.0,2221683.0
1,Chiffre d'affaire,1.1.,Loyers logements et parkings HT,143177.0,140713.0,140431.0,130839.0,130957.0,132729.0,133824.0,135756.0,147648.0,159504.0,160116.0,160050.0,1715744.0,156629.0,155036.0,151220.0,146540.0,151702.0,158907.0,157033.0,162062.0,166985.0,167205.0,168116.0,167474.0,1908910.0,167071.0,164452.0,164721.0,162382.0,167159.0,168403.0,166688.0,169411.0,172838.0,173124.0,174620.0,175496.0,2026364.0,176045.0,174895.0,169280.0,163630.0,163282.0,165808.0,165968.0,168998.0,169096.0,169360.0,167636.0,169360.0,2023357.0,168408.0,165703.0,165934.0,163665.0,168657.0,169928.0,168053.0,170831.0,174305.0,174595.0,176058.0,172384.0,2038521.0,174233.0,174233.0,170690.0,168918.0,168918.0,172014.0,168479.0,171577.0,170979.0,171862.0,171862.0,173628.0,2057395.0
2,Chiffre d'affaire,1.1.1.,CA Locatif Estudines,142098.0,139996.0,139868.0,130404.0,130598.0,132427.0,133522.0,135446.0,147281.0,159101.0,159634.0,159587.0,1709962.0,156160.0,154644.0,150831.0,146238.0,151434.0,158597.0,156705.0,161671.0,166517.0,166715.0,167576.0,166881.0,1903970.0,166432.0,163751.0,163967.0,161716.0,166675.0,167931.0,166075.0,168830.0,172280.0,172564.0,174009.0,174869.0,2019099.0,175418.0,174322.0,168681.0,163054.0,162773.0,165304.0,165489.0,168557.0,168594.0,168858.0,167134.0,168858.0,2017043.0,167806.0,165101.0,165332.0,163063.0,168054.0,169325.0,167451.0,170229.0,173703.0,173993.0,175456.0,171782.0,2031296.0,173633.0,173633.0,170090.0,168318.0,168318.0,171414.0,167879.0,170977.0,170379.0,171262.0,171262.0,173028.0,2050195.0
3,Chiffre d'affaire,1.1.4.,CA Locatif Parkings,1078.0,716.0,564.0,435.0,359.0,302.0,302.0,311.0,367.0,403.0,482.0,463.0,5782.0,469.0,392.0,388.0,302.0,268.0,310.0,328.0,391.0,468.0,491.0,540.0,593.0,4940.0,639.0,701.0,754.0,666.0,484.0,472.0,612.0,581.0,557.0,560.0,612.0,627.0,7265.0,627.0,572.0,599.0,576.0,509.0,503.0,479.0,441.0,502.0,502.0,502.0,502.0,6315.0,602.0,602.0,602.0,602.0,602.0,602.0,602.0,602.0,602.0,602.0,602.0,602.0,7224.0,600.0,600.0,600.0,600.0,600.0,600.0,600.0,600.0,600.0,600.0,600.0,600.0,7200.0
4,Chiffre d'affaire,1.2.,RECETTES ANNEXES,23467.0,1282.0,38.0,26850.0,2256.0,4657.0,41555.0,5379.0,4999.0,41774.0,2707.0,-25018.0,129946.0,26509.0,3521.0,4074.0,39524.0,6441.0,14987.0,34341.0,4314.0,5398.0,34529.0,2026.0,6586.0,182250.0,32802.0,1312.0,4462.0,34627.0,3592.0,4128.0,37105.0,6962.0,5475.0,35326.0,5629.0,31729.0,203148.0,36026.0,2772.0,3260.0,37452.0,3998.0,4624.0,30697.0,4859.0,5276.0,35382.0,4990.0,1772.0,171106.0,33132.0,1429.0,4376.0,35060.0,3629.0,4454.0,37795.0,7282.0,5620.0,36141.0,5716.0,4763.0,179398.0,35320.0,2500.0,2700.0,36150.0,3000.0,4500.0,36000.0,7300.0,5500.0,35100.0,5300.0,3100.0,176470.0
5,Chiffre d'affaire,1.2.2.,CA Frais locatif,791.0,1202.0,491.0,809.0,1382.0,2643.0,2427.0,4358.0,3821.0,2674.0,2253.0,1198.0,24051.0,2141.0,1216.0,2524.0,5137.0,2557.0,3211.0,2167.0,2968.0,3932.0,2307.0,1755.0,1257.0,31173.0,628.0,1062.0,1473.0,1842.0,2102.0,2567.0,2236.0,6124.0,3966.0,2169.0,1911.0,730.0,26810.0,719.0,617.0,1610.0,2225.0,1412.0,2199.0,1525.0,3189.0,3900.0,1800.0,1900.0,500.0,21597.0,672.0,1136.0,1577.0,1971.0,2249.0,2748.0,2393.0,6555.0,4245.0,2322.0,2045.0,2784.0,30696.0,720.0,700.0,1000.0,1500.0,1000.0,2000.0,1500.0,6000.0,4000.0,2000.0,1800.0,1200.0,23420.0
6,Chiffre d'affaire,1.2.5.,CA Laverie-Ménage,0.0,0.0,0.0,3444.0,0.0,2054.0,1092.0,986.0,971.0,1105.0,70.0,3944.0,13666.0,0.0,1454.0,1175.0,1272.0,2738.0,1471.0,1500.0,1168.0,1465.0,1468.0,0.0,2712.0,16424.0,1262.0,0.0,2670.0,1427.0,1390.0,1313.0,1365.0,1160.0,1489.0,0.0,3292.0,1568.0,16936.0,1461.0,1353.0,1501.0,1402.0,1600.0,1423.0,0.0,1270.0,1352.0,0.0,2990.0,1272.0,15624.0,1146.0,0.0,2425.0,1296.0,1263.0,1193.0,1240.0,1053.0,1352.0,0.0,2990.0,1272.0,15231.0,1500.0,1400.0,1500.0,1500.0,1600.0,1500.0,1400.0,1200.0,1400.0,0.0,3200.0,1500.0,17700.0
7,Chiffre d'affaire,1.2.5.2.,Laverie,0.0,0.0,0.0,3444.0,0.0,2054.0,1022.0,951.0,971.0,1105.0,0.0,3944.0,13491.0,0.0,1384.0,1140.0,1272.0,2738.0,1471.0,1500.0,1168.0,1465.0,1468.0,0.0,2712.0,16319.0,1262.0,0.0,2670.0,1427.0,1390.0,1313.0,1365.0,1160.0,1489.0,0.0,3292.0,1568.0,16936.0,1461.0,1353.0,1501.0,1402.0,1600.0,1423.0,0.0,1270.0,1352.0,0.0,2990.0,1272.0,15624.0,1146.0,0.0,2425.0,1296.0,1263.0,1193.0,1240.0,1053.0,1352.0,0.0,2990.0,1272.0,15231.0,1500.0,1400.0,1500.0,1500.0,1600.0,1500.0,1400.0,1200.0,1400.0,0.0,3200.0,1500.0,17700.0
8,Chiffre d'affaire,1.2.5.4.,Ménage supplémentaire,0.0,0.0,0.0,0.0,0.0,0.0,70.0,35.0,0.0,0.0,70.0,0.0,175.0,0.0,70.0,35.0,0.0,0.0,0.0,0.0,0.0,0.0,0.0,0.0,0.0,105.0,0.0,0.0,0.0,0.0,0.0,0.0,0.0,0.0,0.0,0.0,0.0,0.0,0.0,0.0,0.0,0.0,0.0,0.0,0.0,0.0,0.0,0.0,0.0,0.0,0.0,0.0,0.0,0.0,0.0,0.0,0.0,0.0,0.0,0.0,0.0,0.0,0.0,0.0,0.0,0.0,0.0,0.0,0.0,0.0,0.0,0.0,0.0,0.0,0.0,0.0,0.0,0.0
9,Chiffre d'affaire,1.2.8.,CA Divers,102.0,80.0,-452.0,60.0,874.0,-41.0,90.0,35.0,206.0,50.0,384.0,-1155.0,233.0,791.0,852.0,375.0,944.0,1145.0,1713.0,0.0,177.0,0.0,80.0,271.0,35.0,6383.0,40.0,250.0,319.0,203.0,100.0,247.0,20.0,0.0,20.0,20.0,426.0,0.0,1646.0,20.0,802.0,148.0,0.0,986.0,1002.0,176.0,400.0,23.0,20.0,100.0,0.0,3678.0,47.0,293.0,373.0,238.0,117.0,513.0,250.0,0.0,23.0,257.0,681.0,708.0,3501.0,100.0,400.0,200.0,150.0,400.0,1000.0,100.0,100.0,100.0,100.0,300.0,400.0,3350.0
10,Chiffre d'affaire,1.2.9.,Subvention d'exploitation (Rbst format°),37.0,0.0,0.0,0.0,0.0,0.0,0.0,0.0,0.0,0.0,0.0,-38.0,-1.0,0.0,0.0,0.0,0.0,0.0,0.0,0.0,0.0,0.0,0.0,0.0,0.0,0.0,0.0,0.0,0.0,0.0,0.0,0.0,0.0,0.0,0.0,0.0,0.0,0.0,0.0,0.0,0.0,0.0,0.0,0.0,0.0,0.0,0.0,0.0,0.0,0.0,0.0,0.0,0.0,0.0,0.0,0.0,0.0,0.0,0.0,0.0,0.0,0.0,0.0,0.0,0.0,0.0,0.0,0.0,0.0,0.0,0.0,0.0,0.0,0.0,0.0,0.0,0.0,0.0
11,Chiffre d'affaire,1.2.12.,Charges de copro récupérables,22537.0,0.0,0.0,22537.0,0.0,0.0,37946.0,0.0,0.0,37946.0,0.0,-28968.0,91998.0,23577.0,0.0,0.0,32170.0,0.0,8592.0,30674.0,0.0,0.0,30674.0,0.0,2583.0,128270.0,30872.0,0.0,0.0,31155.0,0.0,0.0,33484.0,-322.0,0.0,33137.0,0.0,29431.0,157756.0,33825.0,0.0,0.0,33825.0,0.0,0.0,28996.0,0.0,0.0,33562.0,0.0,0.0,130208.0,31267.0,0.0,0.0,31554.0,0.0,0.0,33913.0,-326.0,0.0,33562.0,0.0,0.0,129970.0,33000.0,0.0,0.0,33000.0,0.0,0.0,33000.0,0.0,0.0,33000.0,0.0,0.0,132000.0
12,Chiffre d'affaire,1.3.,Commission Agence TO,0.0,0.0,-1047.0,0.0,0.0,-391.0,0.0,0.0,-656.0,0.0,0.0,-160.0,-2253.0,-20.0,-150.0,-179.0,-179.0,0.0,-848.0,0.0,0.0,-407.0,0.0,0.0,-130.0,-1914.0,0.0,0.0,-2.0,0.0,0.0,-393.0,0.0,0.0,96.0,-226.0,0.0,-1.0,-526.0,0.0,0.0,-520.0,0.0,0.0,-261.0,0.0,0.0,164.0,-386.0,0.0,-345.0,-1348.0,0.0,0.0,-3.0,0.0,0.0,-670.0,0.0,0.0,164.0,-386.0,0.0,-345.0,-1240.0,-119.0,-107.0,-116.0,-111.0,-115.0,-114.0,-115.0,-116.0,-112.0,-116.0,-113.0,-118.0,-1371.0
13,Chiffre d'affaire,1.4.,IMPAYES,0.0,0.0,0.0,0.0,0.0,0.0,0.0,0.0,0.0,0.0,0.0,12578.0,12578.0,0.0,0.0,0.0,0.0,0.0,0.0,0.0,0.0,0.0,0.0,0.0,-23793.0,-23793.0,0.0,0.0,0.0,0.0,0.0,0.0,0.0,0.0,0.0,0.0,0.0,-35577.0,-35577.0,0.0,0.0,0.0,0.0,0.0,0.0,0.0,0.0,0.0,0.0,0.0,-10810.0,-10810.0,0.0,0.0,0.0,0.0,0.0,0.0,0.0,0.0,0.0,0.0,0.0,-10810.0,-10810.0,0.0,0.0,0.0,0.0,0.0,0.0,0.0,0.0,0.0,0.0,0.0,-10810.0,-10810.0
14,Chiffre d'affaire,1.4.1.,Impayés locataires,0.0,0.0,0.0,0.0,0.0,0.0,0.0,0.0,0.0,0.0,0.0,11841.0,11841.0,0.0,0.0,0.0,0.0,0.0,0.0,0.0,0.0,0.0,0.0,0.0,-17737.0,-17737.0,0.0,0.0,0.0,0.0,0.0,0.0,0.0,0.0,0.0,0.0,0.0,-8137.0,-8137.0,0.0,0.0,0.0,0.0,0.0,0.0,0.0,0.0,0.0,0.0,0.0,-10810.0,-10810.0,0.0,0.0,0.0,0.0,0.0,0.0,0.0,0.0,0.0,0.0,0.0,-10810.0,-10810.0,0.0,0.0,0.0,0.0,0.0,0.0,0.0,0.0,0.0,0.0,0.0,-10810.0,-10810.0
15,Chiffre d'affaire,1.4.2.,Impayés Apparthotels,0.0,0.0,0.0,0.0,0.0,0.0,0.0,0.0,0.0,0.0,0.0,737.0,737.0,0.0,0.0,0.0,0.0,0.0,0.0,0.0,0.0,0.0,0.0,0.0,-6056.0,-6056.0,0.0,0.0,0.0,0.0,0.0,0.0,0.0,0.0,0.0,0.0,0.0,-27440.0,-27440.0,0.0,0.0,0.0,0.0,0.0,0.0,0.0,0.0,0.0,0.0,0.0,0.0,0.0,0.0,0.0,0.0,0.0,0.0,0.0,0.0,0.0,0.0,0.0,0.0,0.0,0.0,0.0,0.0,0.0,0.0,0.0,0.0,0.0,0.0,0.0,0.0,0.0,0.0,0.0
16,Charge,2.,CHARGES D'IMMEUBLE DIRECTES,113102.0,25643.0,95519.0,62063.0,23530.0,43562.0,68310.0,23100.0,44575.0,81771.0,8165.0,85297.0,674637.0,64636.0,28196.0,54017.0,81287.0,56282.0,38954.0,59706.0,27265.0,33326.0,74305.0,41732.0,53523.0,613230.0,169961.0,31446.0,58914.0,46456.0,30930.0,31147.0,73152.0,23408.0,34643.0,59631.0,32224.0,72003.0,663916.0,54134.0,31990.0,58563.0,97155.0,29803.0,39860.0,96055.0,22451.0,37532.0,67671.0,29790.0,101865.0,666871.0,128298.0,46156.0,59723.0,43904.0,25489.0,34266.0,68888.0,30342.0,35579.0,55907.0,28153.0,93912.0,650619.0,102514.0,28242.0,50173.0,57354.0,25080.0,42573.0,63333.0,29281.0,34167.0,60469.0,31570.0,77522.0,602278.0
17,Charge,2.1.,FRAIS DE PERSONNEL,8556.0,10998.0,19345.0,11742.0,11108.0,14427.0,16407.0,17686.0,14688.0,10101.0,14469.0,11579.0,161106.0,12953.0,13123.0,26377.0,17964.0,13345.0,14247.0,995.0,11089.0,11458.0,11422.0,12275.0,18728.0,163977.0,20813.0,9899.0,21855.0,12729.0,16596.0,9672.0,13478.0,11278.0,17246.0,12116.0,10816.0,11651.0,168150.0,14181.0,11740.0,25018.0,16182.0,11444.0,13239.0,16083.0,12431.0,16262.0,12132.0,12101.0,35468.0,196281.0,32383.0,13048.0,22417.0,11915.0,11436.0,12050.0,12244.0,11810.0,16110.0,11914.0,11847.0,35205.0,202380.0,12434.0,9809.0,17760.0,12274.0,9754.0,12896.0,15299.0,13764.0,9544.0,10331.0,9880.0,11906.0,145653.0
18,Charge,2.1.1.,Salaires,4146.0,4170.0,4254.0,4633.0,3908.0,4698.0,4698.0,4698.0,2933.0,2800.0,2795.0,2794.0,46528.0,2740.0,2740.0,3748.0,4844.0,4844.0,4844.0,-3926.0,2845.0,2845.0,3781.0,4122.0,4126.0,37555.0,6448.0,6280.0,7006.0,6425.0,10691.0,5788.0,7595.0,6158.0,7081.0,6666.0,6681.0,7571.0,84390.0,7024.0,7390.0,6872.0,7315.0,6708.0,6668.0,7465.0,7323.0,8873.0,8847.0,8804.0,8601.0,91891.0,7452.0,7451.0,7606.0,7606.0,7606.0,7606.0,7606.0,7606.0,7606.0,7606.0,7605.0,7603.0,90959.0,6677.0,6677.0,6677.0,6677.0,6677.0,6677.0,6677.0,6677.0,6677.0,6677.0,6677.0,6677.0,80128.0
19,Charge,2.1.2.,Charges sur salaires,1036.0,1064.0,3151.0,1275.0,660.0,1151.0,1168.0,1076.0,782.0,822.0,823.0,817.0,13824.0,787.0,815.0,3736.0,1086.0,669.0,1024.0,-1799.0,843.0,824.0,1024.0,2935.0,1102.0,13047.0,1377.0,1285.0,3814.0,1965.0,3783.0,964.0,1755.0,1235.0,1243.0,1497.0,1426.0,1764.0,22108.0,1908.0,2225.0,7462.0,2489.0,2078.0,2099.0,2166.0,2501.0,2677.0,2707.0,2561.0,2567.0,33439.0,1932.0,2104.0,4945.0,2154.0,1953.0,1950.0,2138.0,1997.0,2109.0,2217.0,2095.0,2098.0,27694.0,2066.0,1985.0,4307.0,2066.0,1985.0,1985.0,2066.0,1985.0,1985.0,2066.0,1985.0,1985.0,26467.0
20,Charge,2.1.3.,Prime,187.0,187.0,3125.0,187.0,187.0,187.0,187.0,187.0,195.0,189.0,187.0,187.0,5190.0,187.0,830.0,3675.0,187.0,187.0,187.0,232.0,187.0,187.0,187.0,187.0,187.0,6416.0,409.0,108.0,4112.0,920.0,356.0,294.0,294.0,299.0,-848.0,220.0,220.0,220.0,6605.0,330.0,220.0,7909.0,220.0,220.0,220.0,535.0,228.0,153.0,153.0,153.0,372.0,10712.0,149.0,1749.0,5401.0,149.0,149.0,151.0,149.0,149.0,149.0,149.0,149.0,151.0,8648.0,517.0,217.0,5898.0,517.0,217.0,217.0,517.0,217.0,217.0,517.0,217.0,217.0,9481.0
21,Charge,2.1.6.,Personnel intérimaire,364.0,2755.0,3989.0,3644.0,4152.0,4144.0,7711.0,8925.0,8182.0,4590.0,8709.0,4474.0,61640.0,4748.0,4825.0,9224.0,8975.0,4808.0,5193.0,3371.0,4770.0,4504.0,4695.0,3114.0,8414.0,66642.0,2112.0,0.0,0.0,0.0,0.0,0.0,0.0,0.0,0.0,0.0,0.0,0.0,2112.0,0.0,0.0,0.0,0.0,0.0,0.0,0.0,0.0,0.0,0.0,0.0,21759.0,21759.0,15321.0,0.0,0.0,0.0,0.0,0.0,0.0,0.0,0.0,0.0,0.0,21759.0,37080.0,0.0,0.0,0.0,0.0,0.0,4000.0,4000.0,4000.0,0.0,0.0,0.0,0.0,12000.0
22,Charge,2.1.8.,Frais Yser - Encadrement et commercial,2308.0,1840.0,3774.0,1759.0,1968.0,3994.0,2043.0,2137.0,2189.0,1606.0,1651.0,2961.0,28231.0,1881.0,2264.0,4924.0,1839.0,1855.0,1986.0,2823.0,2242.0,2798.0,1734.0,1613.0,2485.0,28444.0,2725.0,2129.0,5079.0,3057.0,1765.0,2155.0,2603.0,3118.0,1917.0,3371.0,1788.0,1644.0,31353.0,1709.0,1389.0,2299.0,3802.0,1777.0,4679.0,3885.0,2138.0,0.0,0.0,0.0,0.0,21677.0,1632.0,1647.0,3979.0,1795.0,1725.0,2023.0,1814.0,1845.0,1838.0,1736.0,1669.0,1687.0,23389.0,0.0,0.0,0.0,0.0,0.0,0.0,0.0,0.0,0.0,0.0,0.0,0.0,0.0
23,Charge,2.1.9.1.,Autres frais de personnel,0.0,0.0,382.0,0.0,0.0,-192.0,192.0,0.0,0.0,0.0,0.0,0.0,382.0,0.0,0.0,0.0,25.0,0.0,190.0,0.0,404.0,0.0,0.0,0.0,0.0,620.0,0.0,0.0,1000.0,0.0,0.0,388.0,1186.0,384.0,330.0,430.0,578.0,444.0,4740.0,2638.0,478.0,470.0,484.0,478.0,-460.0,1422.0,484.0,388.0,556.0,650.0,526.0,8114.0,0.0,2.0,0.0,6.0,4.0,174.0,240.0,104.0,86.0,122.0,142.0,0.0,880.0,2692.0,486.0,480.0,494.0,486.0,-469.0,1450.0,494.0,396.0,568.0,664.0,536.0,8276.0
24,Charge,2.1.9.2.,Autres frais de personnel - formation,0.0,0.0,0.0,0.0,0.0,0.0,0.0,0.0,0.0,0.0,0.0,0.0,0.0,0.0,0.0,0.0,25.0,0.0,0.0,0.0,0.0,0.0,0.0,0.0,0.0,25.0,0.0,0.0,1000.0,0.0,0.0,-254.0,254.0,0.0,0.0,0.0,0.0,0.0,1000.0,500.0,0.0,0.0,0.0,0.0,-126.0,126.0,0.0,0.0,0.0,0.0,0.0,500.0,0.0,0.0,0.0,0.0,0.0,0.0,0.0,0.0,0.0,0.0,0.0,0.0,0.0,510.0,0.0,0.0,0.0,0.0,-129.0,129.0,0.0,0.0,0.0,0.0,0.0,510.0
25,Charge,2.1.10.,Prestataires sécurité gardiennage,-112.0,0.0,0.0,0.0,0.0,0.0,-55.0,0.0,0.0,0.0,0.0,90.0,-78.0,851.0,295.0,0.0,0.0,0.0,0.0,295.0,0.0,0.0,0.0,0.0,570.0,2010.0,295.0,96.0,0.0,0.0,0.0,0.0,295.0,0.0,-147.0,147.0,50.0,50.0,786.0,905.0,96.0,0.0,0.0,0.0,-302.0,607.0,0.0,-146.0,146.0,50.0,601.0,1956.0,292.0,95.0,0.0,0.0,0.0,0.0,292.0,0.0,-146.0,146.0,50.0,601.0,1330.0,923.0,98.0,0.0,0.0,0.0,-309.0,619.0,0.0,-149.0,149.0,51.0,613.0,1995.0
26,Charge,2.1.10.1.,Prestataire sécurité gardiennage,-112.0,0.0,0.0,0.0,0.0,0.0,-55.0,0.0,0.0,0.0,0.0,90.0,-78.0,851.0,295.0,0.0,0.0,0.0,0.0,295.0,0.0,0.0,0.0,0.0,570.0,2010.0,295.0,96.0,0.0,0.0,0.0,0.0,295.0,0.0,-147.0,147.0,50.0,50.0,786.0,905.0,96.0,0.0,0.0,0.0,-302.0,607.0,0.0,-146.0,146.0,50.0,601.0,1956.0,292.0,95.0,0.0,0.0,0.0,0.0,292.0,0.0,-146.0,146.0,50.0,601.0,1330.0,923.0,98.0,0.0,0.0,0.0,-309.0,619.0,0.0,-149.0,149.0,51.0,613.0,1995.0
27,Charge,2.1.11.,Nettoyage Parties Communes,0.0,225.0,0.0,0.0,0.0,0.0,0.0,0.0,0.0,0.0,0.0,0.0,225.0,1537.0,1258.0,0.0,0.0,0.0,0.0,0.0,0.0,0.0,0.0,0.0,0.0,2795.0,2899.0,0.0,0.0,0.0,0.0,0.0,0.0,0.0,0.0,0.0,0.0,0.0,2899.0,0.0,0.0,0.0,2114.0,0.0,0.0,0.0,0.0,0.0,0.0,0.0,1030.0,3144.0,2986.0,0.0,0.0,0.0,0.0,0.0,0.0,0.0,0.0,0.0,0.0,1030.0,4016.0,0.0,0.0,0.0,2157.0,0.0,0.0,0.0,0.0,0.0,0.0,0.0,1500.0,3657.0
28,Charge,2.1.12.,Nettoyage Parties Privatives,626.0,757.0,862.0,245.0,233.0,349.0,559.0,664.0,408.0,93.0,303.0,256.0,5354.0,221.0,97.0,1071.0,1008.0,981.0,919.0,0.0,0.0,300.0,0.0,304.0,1845.0,6746.0,4548.0,0.0,844.0,362.0,0.0,404.0,217.0,277.0,7835.0,0.0,362.0,180.0,15028.0,737.0,181.0,241.0,0.0,422.0,169.0,651.0,0.0,4511.0,0.0,208.0,276.0,7395.0,2619.0,0.0,486.0,208.0,0.0,232.0,125.0,160.0,4511.0,0.0,208.0,276.0,8824.0,651.0,588.0,638.0,611.0,631.0,624.0,631.0,638.0,615.0,639.0,618.0,646.0,7531.0
29,Charge,2.1.14.,Animation,0.0,0.0,0.0,0.0,0.0,0.0,0.0,0.0,0.0,0.0,0.0,0.0,0.0,0.0,0.0,0.0,0.0,0.0,0.0,0.0,0.0,0.0,0.0,0.0,0.0,0.0,0.0,0.0,0.0,0.0,0.0,0.0,0.0,0.0,0.0,0.0,0.0,0.0,0.0,0.0,0.0,0.0,0.0,0.0,0.0,0.0,0.0,0.0,0.0,0.0,0.0,0.0,0.0,0.0,0.0,0.0,0.0,0.0,0.0,0.0,0.0,0.0,0.0,0.0,0.0,0.0,0.0,0.0,0.0,0.0,0.0,0.0,0.0,0.0,0.0,0.0,0.0,0.0
30,Charge,2.2.,IMPOTS et TAXES DIVERSES,374.0,62.0,68.0,0.0,154.0,0.0,0.0,1501.0,0.0,0.0,4133.0,20770.0,27062.0,330.0,147.0,0.0,0.0,76.0,0.0,0.0,1633.0,0.0,0.0,1809.0,0.0,3995.0,663.0,701.0,0.0,0.0,0.0,0.0,0.0,1714.0,0.0,0.0,2424.0,0.0,5502.0,0.0,418.0,0.0,0.0,0.0,0.0,0.0,1842.0,-30.0,30.0,2159.0,1234.0,5653.0,591.0,624.0,0.0,0.0,0.0,59.0,60.0,1725.0,-30.0,30.0,2159.0,1234.0,6452.0,0.0,426.0,0.0,0.0,0.0,0.0,0.0,1879.0,-30.0,30.0,2202.0,1259.0,5766.0
31,Charge,2.2.2.,Taxe d'ordures ménagères,374.0,62.0,68.0,0.0,154.0,0.0,0.0,231.0,0.0,0.0,3065.0,192.0,4146.0,330.0,147.0,0.0,0.0,76.0,0.0,0.0,268.0,0.0,0.0,1809.0,0.0,2630.0,663.0,701.0,0.0,0.0,0.0,0.0,0.0,293.0,0.0,0.0,2424.0,0.0,4081.0,0.0,418.0,0.0,0.0,0.0,0.0,0.0,396.0,0.0,0.0,2159.0,0.0,2973.0,591.0,624.0,0.0,0.0,0.0,0.0,0.0,261.0,0.0,0.0,2159.0,0.0,3635.0,0.0,426.0,0.0,0.0,0.0,0.0,0.0,404.0,0.0,0.0,2202.0,0.0,3033.0
32,Charge,2.2.3.,Taxe foncière / Taxe d'habitation,0.0,0.0,0.0,0.0,0.0,0.0,0.0,1270.0,0.0,0.0,1068.0,20578.0,22916.0,0.0,0.0,0.0,0.0,0.0,0.0,0.0,1365.0,0.0,0.0,0.0,0.0,1365.0,0.0,0.0,0.0,0.0,0.0,0.0,0.0,1421.0,0.0,0.0,0.0,0.0,1421.0,0.0,0.0,0.0,0.0,0.0,0.0,0.0,1446.0,0.0,0.0,0.0,1234.0,2680.0,0.0,0.0,0.0,0.0,0.0,0.0,0.0,1464.0,0.0,0.0,0.0,1234.0,2698.0,0.0,0.0,0.0,0.0,0.0,0.0,0.0,1475.0,0.0,0.0,0.0,1259.0,2734.0
33,Charge,2.2.3.1.,Taxe foncière / taxe d'habitation,0.0,0.0,0.0,0.0,0.0,0.0,0.0,0.0,0.0,0.0,1068.0,20578.0,21646.0,0.0,0.0,0.0,0.0,0.0,0.0,0.0,0.0,0.0,0.0,0.0,0.0,0.0,0.0,0.0,0.0,0.0,0.0,0.0,0.0,0.0,0.0,0.0,0.0,0.0,0.0,0.0,0.0,0.0,0.0,0.0,0.0,0.0,0.0,0.0,0.0,0.0,1234.0,1234.0,0.0,0.0,0.0,0.0,0.0,0.0,0.0,0.0,0.0,0.0,0.0,1234.0,1234.0,0.0,0.0,0.0,0.0,0.0,0.0,0.0,0.0,0.0,0.0,0.0,1259.0,1259.0
34,Charge,2.2.3.2.,Taxe foncière Syndic,0.0,0.0,0.0,0.0,0.0,0.0,0.0,1270.0,0.0,0.0,0.0,0.0,1270.0,0.0,0.0,0.0,0.0,0.0,0.0,0.0,1365.0,0.0,0.0,0.0,0.0,1365.0,0.0,0.0,0.0,0.0,0.0,0.0,0.0,1421.0,0.0,0.0,0.0,0.0,1421.0,0.0,0.0,0.0,0.0,0.0,0.0,0.0,1446.0,0.0,0.0,0.0,0.0,1446.0,0.0,0.0,0.0,0.0,0.0,0.0,0.0,1464.0,0.0,0.0,0.0,0.0,1464.0,0.0,0.0,0.0,0.0,0.0,0.0,0.0,1475.0,0.0,0.0,0.0,0.0,1475.0
35,Charge,2.2.4.1.,Autres impôts et taxes,0.0,0.0,0.0,0.0,0.0,0.0,0.0,0.0,0.0,0.0,0.0,0.0,0.0,0.0,0.0,0.0,0.0,0.0,0.0,0.0,0.0,0.0,0.0,0.0,0.0,0.0,0.0,0.0,0.0,0.0,0.0,0.0,0.0,0.0,0.0,0.0,0.0,0.0,0.0,0.0,0.0,0.0,0.0,0.0,0.0,0.0,0.0,-60.0,60.0,0.0,0.0,0.0,0.0,0.0,0.0,0.0,0.0,118.0,120.0,0.0,-60.0,60.0,0.0,0.0,238.0,0.0,0.0,0.0,0.0,0.0,0.0,0.0,0.0,-60.0,60.0,0.0,0.0,0.0
36,Charge,2.3.,ENERGIE,45529.0,7360.0,10320.0,43291.0,8194.0,3775.0,39487.0,2176.0,4214.0,38348.0,-23994.0,45107.0,223806.0,8307.0,6816.0,13284.0,49446.0,14750.0,4501.0,47210.0,3313.0,7236.0,42726.0,10330.0,28243.0,236163.0,116254.0,10847.0,12781.0,36441.0,11340.0,5079.0,35560.0,508.0,5733.0,41221.0,7868.0,56067.0,339699.0,17156.0,12288.0,13736.0,66463.0,12139.0,2778.0,42276.0,2168.0,5564.0,43046.0,7208.0,44762.0,269587.0,79506.0,12925.0,10840.0,29503.0,9616.0,7396.0,34428.0,5864.0,5564.0,31640.0,7208.0,38758.0,273248.0,77736.0,7742.0,8397.0,27062.0,8309.0,8210.0,36929.0,8397.0,8097.0,34150.0,8139.0,41261.0,274429.0
37,Charge,2.3.1.,EAU : (RSG-REA-YSER-LFP),34975.0,0.0,0.0,35841.0,0.0,0.0,35254.0,0.0,0.0,35627.0,-29953.0,40047.0,151793.0,-2149.0,0.0,0.0,41874.0,0.0,0.0,39683.0,0.0,0.0,40070.0,0.0,21706.0,141184.0,102049.0,0.0,0.0,28064.0,0.0,0.0,42228.0,0.0,0.0,37977.0,0.0,48341.0,258659.0,4806.0,0.0,0.0,58513.0,0.0,0.0,36898.0,0.0,0.0,37000.0,0.0,35000.0,172217.0,68773.0,0.0,0.0,18913.0,0.0,0.0,28458.0,0.0,0.0,25594.0,0.0,30407.0,172145.0,69164.0,0.0,0.0,19021.0,0.0,0.0,28620.0,0.0,0.0,25739.0,0.0,32764.0,175308.0
38,Charge,2.3.2.,EDF : (RSG-REA-LFP),2952.0,25.0,3002.0,1200.0,2728.0,499.0,2593.0,724.0,2773.0,1039.0,3185.0,838.0,21558.0,3854.0,1013.0,7183.0,1055.0,6845.0,1293.0,5941.0,1690.0,5584.0,1087.0,7841.0,784.0,44169.0,7079.0,1195.0,5387.0,1081.0,5237.0,1278.0,-8886.0,-1602.0,3843.0,988.0,4298.0,1020.0,20919.0,3433.0,1942.0,4943.0,0.0,5992.0,0.0,3079.0,-21.0,3715.0,3839.0,3715.0,3762.0,34400.0,3762.0,3483.0,3607.0,3453.0,3645.0,3678.0,3801.0,3801.0,3715.0,3839.0,3715.0,3762.0,44260.0,3028.0,2735.0,2966.0,2841.0,2935.0,2901.0,2935.0,2966.0,2861.0,2971.0,2875.0,3002.0,35018.0
39,Charge,2.3.2.1.,EDF - Parties communes : Réel (50200000),2224.0,553.0,2147.0,509.0,2039.0,509.0,1795.0,476.0,1720.0,564.0,2015.0,668.0,15216.0,3280.0,766.0,5867.0,674.0,5672.0,681.0,3955.0,632.0,4196.0,773.0,5074.0,833.0,32404.0,6148.0,797.0,4383.0,785.0,4168.0,832.0,-8299.0,-1490.0,2987.0,957.0,3665.0,949.0,15882.0,3154.0,1741.0,4571.0,0.0,5635.0,0.0,2403.0,0.0,2900.0,2997.0,2900.0,2936.0,29237.0,2936.0,2718.0,2815.0,2695.0,2845.0,2871.0,2966.0,2966.0,2900.0,2997.0,2900.0,2936.0,34545.0,2573.0,2324.0,2521.0,2414.0,2495.0,2465.0,2495.0,2521.0,2431.0,2525.0,2444.0,2551.0,29759.0
40,Charge,2.3.2.2.,EDF - Parties Privatives,306.0,-528.0,432.0,691.0,222.0,-10.0,395.0,248.0,638.0,476.0,767.0,170.0,3807.0,30.0,247.0,604.0,380.0,379.0,612.0,1217.0,1057.0,706.0,313.0,2026.0,-49.0,7523.0,255.0,398.0,387.0,296.0,456.0,446.0,616.0,250.0,273.0,31.0,94.0,71.0,3574.0,60.0,64.0,35.0,0.0,0.0,0.0,360.0,-21.0,433.0,447.0,433.0,438.0,2248.0,438.0,406.0,420.0,402.0,424.0,428.0,442.0,442.0,433.0,447.0,433.0,438.0,5153.0,198.0,179.0,194.0,186.0,192.0,190.0,192.0,194.0,187.0,194.0,188.0,196.0,2289.0
41,Charge,2.3.2.3.,EDF - Ascenseurs,422.0,0.0,423.0,0.0,467.0,0.0,403.0,0.0,416.0,0.0,403.0,0.0,2535.0,544.0,0.0,712.0,0.0,794.0,0.0,769.0,0.0,683.0,0.0,741.0,0.0,4242.0,675.0,0.0,617.0,0.0,613.0,0.0,-1202.0,-361.0,583.0,0.0,539.0,0.0,1463.0,219.0,137.0,337.0,0.0,357.0,0.0,316.0,0.0,383.0,396.0,383.0,388.0,2915.0,388.0,359.0,372.0,356.0,376.0,379.0,392.0,392.0,383.0,396.0,383.0,388.0,4562.0,257.0,232.0,252.0,241.0,249.0,246.0,249.0,252.0,243.0,252.0,244.0,255.0,2970.0
42,Charge,2.3.3.,Chauffage - Gaz,7602.0,7335.0,7317.0,6249.0,5466.0,3276.0,1640.0,1452.0,1441.0,1681.0,2773.0,4222.0,50456.0,6603.0,5803.0,6101.0,6517.0,7905.0,3207.0,1586.0,1624.0,1652.0,1569.0,2489.0,5753.0,50810.0,7126.0,9652.0,7394.0,7296.0,6103.0,3800.0,2218.0,2109.0,1890.0,2256.0,3571.0,6706.0,60121.0,8917.0,10346.0,8793.0,7950.0,6147.0,2778.0,2299.0,2190.0,1849.0,2207.0,3493.0,6000.0,62970.0,6972.0,9442.0,7233.0,7137.0,5971.0,3718.0,2170.0,2063.0,1849.0,2207.0,3493.0,4589.0,56843.0,5543.0,5007.0,5430.0,5200.0,5374.0,5310.0,5374.0,5430.0,5237.0,5439.0,5264.0,5495.0,64103.0
43,Charge,2.4.,CONTRATS DE MAINTENANCE,5837.0,1577.0,1066.0,5895.0,77.0,11246.0,2544.0,1096.0,1409.0,7653.0,1561.0,2821.0,42782.0,8438.0,1152.0,2978.0,772.0,4174.0,14000.0,1820.0,3063.0,2119.0,4101.0,11288.0,-798.0,53107.0,4208.0,4879.0,8055.0,3085.0,440.0,2625.0,13193.0,2732.0,-292.0,4910.0,3321.0,1443.0,48597.0,5576.0,3933.0,11383.0,6007.0,472.0,10186.0,5515.0,472.0,1965.0,7607.0,4592.0,9321.0,67030.0,6616.0,17667.0,11526.0,5453.0,2719.0,5240.0,15864.0,5675.0,1965.0,7607.0,4092.0,8597.0,93021.0,5688.0,4012.0,12111.0,6127.0,481.0,10890.0,5626.0,481.0,2005.0,7760.0,4673.0,9437.0,69291.0
44,Charge,2.4.1.,Contrat de maintenance LFP,3822.0,1500.0,989.0,5818.0,0.0,989.0,994.0,1014.0,1327.0,7372.0,1479.0,2739.0,28043.0,5732.0,1003.0,2896.0,689.0,4085.0,2869.0,140.0,2974.0,1824.0,4012.0,1849.0,-887.0,27185.0,4119.0,2676.0,7967.0,2997.0,345.0,1087.0,2997.0,2637.0,345.0,4084.0,3226.0,1087.0,33565.0,5473.0,1500.0,11288.0,5912.0,370.0,0.0,3959.0,370.0,359.0,4495.0,2232.0,6968.0,42927.0,4262.0,2950.0,9173.0,3101.0,359.0,1394.0,3101.0,3316.0,359.0,4495.0,1732.0,6244.0,40486.0,5583.0,1530.0,12014.0,6030.0,377.0,500.0,4038.0,377.0,366.0,4585.0,2267.0,7038.0,44705.0
45,Charge,2.4.1.2.,Maintenance - chauffage,0.0,0.0,0.0,0.0,0.0,0.0,0.0,0.0,0.0,6650.0,0.0,0.0,6650.0,1178.0,1003.0,0.0,0.0,0.0,1831.0,-1003.0,0.0,0.0,0.0,0.0,-3009.0,0.0,0.0,0.0,0.0,0.0,0.0,0.0,0.0,0.0,0.0,0.0,0.0,0.0,0.0,0.0,0.0,0.0,0.0,0.0,0.0,0.0,0.0,0.0,0.0,0.0,3500.0,3500.0,0.0,0.0,0.0,0.0,0.0,0.0,0.0,0.0,0.0,0.0,0.0,2776.0,2776.0,0.0,0.0,0.0,0.0,0.0,0.0,0.0,0.0,0.0,0.0,0.0,3500.0,3500.0
46,Charge,2.4.1.3.,Maintenance - ascenseurs,722.0,0.0,0.0,722.0,0.0,0.0,722.0,0.0,0.0,722.0,0.0,0.0,2888.0,1143.0,0.0,0.0,0.0,0.0,0.0,1143.0,1143.0,0.0,1143.0,0.0,0.0,4573.0,1166.0,0.0,0.0,1166.0,0.0,0.0,1166.0,0.0,0.0,1166.0,0.0,0.0,4664.0,1189.0,0.0,0.0,1298.0,0.0,0.0,1298.0,0.0,0.0,1205.0,0.0,0.0,4990.0,1205.0,0.0,0.0,1205.0,0.0,0.0,1205.0,0.0,0.0,1205.0,0.0,0.0,4822.0,1213.0,0.0,0.0,1323.0,0.0,0.0,1323.0,0.0,0.0,1230.0,0.0,0.0,5090.0
47,Charge,2.4.1.5.,Maintenance - parkings,0.0,0.0,0.0,0.0,0.0,0.0,0.0,1014.0,338.0,0.0,0.0,0.0,1351.0,0.0,0.0,0.0,689.0,345.0,0.0,0.0,0.0,345.0,0.0,345.0,0.0,1723.0,0.0,345.0,0.0,0.0,345.0,0.0,0.0,0.0,345.0,0.0,0.0,0.0,1034.0,0.0,0.0,0.0,0.0,0.0,0.0,0.0,0.0,359.0,0.0,500.0,0.0,859.0,0.0,359.0,0.0,0.0,359.0,0.0,0.0,0.0,359.0,0.0,0.0,0.0,1077.0,0.0,0.0,0.0,0.0,0.0,0.0,0.0,0.0,366.0,0.0,500.0,0.0,866.0
48,Charge,2.4.1.6.,Maintenance - espaces verts,0.0,0.0,989.0,0.0,0.0,989.0,0.0,0.0,989.0,0.0,0.0,989.0,3956.0,0.0,0.0,0.0,0.0,0.0,1038.0,0.0,0.0,1038.0,1038.0,0.0,1038.0,4152.0,0.0,0.0,1087.0,0.0,0.0,1087.0,0.0,0.0,0.0,1087.0,0.0,1087.0,4348.0,0.0,0.0,1109.0,370.0,370.0,0.0,740.0,370.0,0.0,1394.0,0.0,1378.0,5730.0,0.0,0.0,1394.0,0.0,0.0,1394.0,0.0,0.0,0.0,1394.0,0.0,1378.0,5559.0,0.0,0.0,1131.0,377.0,377.0,0.0,755.0,377.0,0.0,1422.0,0.0,1405.0,5845.0
49,Charge,2.4.1.7.,Maintenance - sécurité,777.0,0.0,0.0,1618.0,0.0,0.0,1515.0,0.0,0.0,0.0,939.0,1083.0,5932.0,812.0,0.0,2896.0,0.0,0.0,0.0,0.0,0.0,442.0,0.0,964.0,-1083.0,4030.0,0.0,832.0,2956.0,0.0,0.0,0.0,0.0,2637.0,0.0,0.0,979.0,0.0,7403.0,1308.0,0.0,6047.0,2323.0,0.0,0.0,0.0,0.0,0.0,0.0,1231.0,1952.0,12862.0,0.0,1046.0,3718.0,0.0,0.0,0.0,0.0,3316.0,0.0,0.0,1231.0,1952.0,11263.0,1334.0,0.0,6168.0,2369.0,0.0,0.0,0.0,0.0,0.0,0.0,1255.0,1991.0,13119.0
50,Charge,2.4.1.8.,Maintenance - VMC,1243.0,0.0,0.0,0.0,0.0,0.0,-1243.0,0.0,0.0,0.0,540.0,667.0,1207.0,0.0,0.0,0.0,0.0,0.0,0.0,0.0,0.0,0.0,0.0,540.0,-667.0,-127.0,0.0,0.0,0.0,0.0,0.0,0.0,0.0,0.0,0.0,0.0,2248.0,0.0,2248.0,0.0,0.0,0.0,0.0,0.0,0.0,0.0,0.0,0.0,0.0,501.0,138.0,640.0,0.0,0.0,0.0,0.0,0.0,0.0,0.0,0.0,0.0,0.0,501.0,138.0,640.0,0.0,0.0,500.0,0.0,0.0,500.0,0.0,0.0,0.0,0.0,511.0,141.0,1652.0
51,Charge,2.4.1.9.,Maintenance - contrats divers,1081.0,0.0,0.0,3478.0,0.0,0.0,0.0,0.0,0.0,0.0,0.0,0.0,4559.0,1099.0,0.0,0.0,0.0,3740.0,0.0,0.0,1831.0,0.0,1831.0,0.0,2834.0,11334.0,2952.0,0.0,3923.0,1831.0,0.0,0.0,1831.0,0.0,0.0,1831.0,0.0,0.0,12368.0,2976.0,0.0,4132.0,1922.0,0.0,0.0,1922.0,0.0,0.0,1895.0,0.0,0.0,12846.0,3057.0,0.0,4062.0,1895.0,0.0,0.0,1895.0,0.0,0.0,1895.0,0.0,0.0,12805.0,3035.0,0.0,4215.0,1960.0,0.0,0.0,1960.0,0.0,0.0,1933.0,0.0,0.0,13103.0
52,Charge,2.4.1.13.,Maintenance - toiture,0.0,1500.0,0.0,0.0,0.0,0.0,0.0,0.0,0.0,0.0,0.0,0.0,1500.0,1500.0,0.0,0.0,0.0,0.0,0.0,0.0,0.0,0.0,0.0,0.0,0.0,1500.0,0.0,1500.0,0.0,0.0,0.0,0.0,0.0,0.0,0.0,0.0,0.0,0.0,1500.0,0.0,1500.0,0.0,0.0,0.0,0.0,0.0,0.0,0.0,0.0,0.0,0.0,1500.0,0.0,1545.0,0.0,0.0,0.0,0.0,0.0,0.0,0.0,0.0,0.0,0.0,1545.0,0.0,1530.0,0.0,0.0,0.0,0.0,0.0,0.0,0.0,0.0,0.0,0.0,1530.0
53,Charge,2.4.2.,Autres charges de copropriété,2015.0,77.0,77.0,77.0,77.0,77.0,82.0,82.0,82.0,281.0,82.0,82.0,3091.0,2706.0,149.0,82.0,82.0,89.0,89.0,89.0,89.0,295.0,90.0,9439.0,89.0,13288.0,89.0,2202.0,88.0,88.0,95.0,95.0,95.0,95.0,95.0,95.0,95.0,95.0,3227.0,95.0,2433.0,95.0,95.0,102.0,102.0,102.0,102.0,97.0,97.0,97.0,90.0,3507.0,91.0,12455.0,90.0,90.0,97.0,97.0,97.0,97.0,97.0,97.0,97.0,90.0,13496.0,97.0,2482.0,97.0,97.0,104.0,104.0,104.0,104.0,99.0,99.0,99.0,92.0,3577.0
54,Charge,2.4.2.1.,Autres charges - 51000000,1937.0,0.0,0.0,0.0,0.0,0.0,0.0,0.0,0.0,199.0,0.0,0.0,2136.0,2624.0,67.0,0.0,0.0,0.0,0.0,0.0,0.0,206.0,0.0,9350.0,0.0,12246.0,0.0,2114.0,0.0,0.0,0.0,0.0,0.0,0.0,0.0,0.0,0.0,0.0,2114.0,0.0,2338.0,0.0,0.0,0.0,0.0,0.0,0.0,0.0,0.0,0.0,0.0,2338.0,0.0,12364.0,0.0,0.0,0.0,0.0,0.0,0.0,0.0,0.0,0.0,0.0,12364.0,0.0,2384.0,0.0,0.0,0.0,0.0,0.0,0.0,0.0,0.0,0.0,0.0,2384.0
55,Charge,2.4.2.4.,Autres charges - téléphone ascenseurs,77.0,77.0,77.0,77.0,77.0,77.0,82.0,82.0,82.0,82.0,82.0,82.0,955.0,82.0,82.0,82.0,82.0,89.0,89.0,89.0,89.0,89.0,90.0,89.0,89.0,1042.0,89.0,88.0,88.0,88.0,95.0,95.0,95.0,95.0,95.0,95.0,95.0,95.0,1113.0,95.0,95.0,95.0,95.0,102.0,102.0,102.0,102.0,97.0,97.0,97.0,90.0,1170.0,91.0,90.0,90.0,90.0,97.0,97.0,97.0,97.0,97.0,97.0,97.0,90.0,1131.0,97.0,97.0,97.0,97.0,104.0,104.0,104.0,104.0,99.0,99.0,99.0,92.0,1193.0
56,Charge,2.4.3.,Contrat maintenance (Hors Syndic),0.0,0.0,0.0,0.0,0.0,0.0,0.0,0.0,0.0,0.0,0.0,0.0,0.0,0.0,0.0,0.0,0.0,0.0,0.0,0.0,0.0,0.0,0.0,0.0,0.0,0.0,0.0,0.0,0.0,0.0,0.0,0.0,0.0,0.0,0.0,0.0,0.0,269.0,269.0,0.0,0.0,0.0,0.0,0.0,0.0,0.0,0.0,2262.0,2262.0,2262.0,2262.0,9050.0,2262.0,2262.0,2262.0,2262.0,2262.0,2262.0,2262.0,2262.0,2262.0,2262.0,2262.0,2262.0,27149.0,0.0,0.0,0.0,0.0,0.0,0.0,0.0,0.0,2308.0,2308.0,2308.0,2308.0,9231.0
57,Charge,2.4.4.,ASSURANCE : (Immeuble para hotelier multirisque),0.0,0.0,0.0,0.0,0.0,10180.0,1468.0,0.0,0.0,0.0,0.0,0.0,11648.0,0.0,0.0,0.0,0.0,0.0,11042.0,1591.0,0.0,0.0,0.0,0.0,0.0,12634.0,0.0,0.0,0.0,0.0,0.0,1443.0,10101.0,0.0,-731.0,731.0,0.0,-8.0,11536.0,8.0,0.0,0.0,0.0,0.0,10084.0,1454.0,0.0,-753.0,753.0,0.0,0.0,11546.0,0.0,0.0,0.0,0.0,0.0,1486.0,10404.0,0.0,-753.0,753.0,0.0,0.0,11890.0,8.0,0.0,0.0,0.0,0.0,10286.0,1483.0,0.0,-768.0,768.0,0.0,0.0,11777.0
58,Charge,2.6.,REMISE EN ETAT PARTIES PRIVATIVES,45655.0,3717.0,44215.0,-843.0,-901.0,3612.0,2085.0,-752.0,22448.0,18206.0,13211.0,-1819.0,148835.0,24530.0,2586.0,8514.0,3461.0,15794.0,-1981.0,5022.0,2113.0,9728.0,2367.0,2938.0,-1015.0,74058.0,19460.0,11.0,843.0,-2150.0,644.0,-35.0,4295.0,3333.0,4412.0,-1431.0,4866.0,-1719.0,32530.0,1179.0,585.0,655.0,2892.0,1336.0,3800.0,3191.0,2883.0,2809.0,233.0,1401.0,1030.0,21994.0,4482.0,483.0,381.0,78.0,371.0,773.0,726.0,1711.0,2809.0,233.0,1401.0,1030.0,14480.0,2917.0,2917.0,2917.0,2917.0,2917.0,2917.0,2917.0,2917.0,2917.0,2917.0,2917.0,2917.0,35000.0
59,Charge,2.6.1.,Réparations Parties Privatives,30097.0,6448.0,32118.0,12.0,801.0,3612.0,1683.0,0.0,17898.0,14137.0,9160.0,7.0,115972.0,20503.0,2711.0,5793.0,2695.0,13546.0,6614.0,7320.0,1820.0,8461.0,3748.0,3315.0,707.0,77233.0,10873.0,1172.0,925.0,190.0,900.0,1876.0,1762.0,4150.0,6814.0,566.0,3399.0,0.0,32628.0,610.0,700.0,798.0,4520.0,3052.0,3945.0,1835.0,4959.0,2809.0,233.0,1401.0,1030.0,25893.0,4482.0,483.0,381.0,78.0,371.0,773.0,726.0,1711.0,2809.0,233.0,1401.0,1030.0,14480.0,2917.0,2917.0,2917.0,2917.0,2917.0,2917.0,2917.0,2917.0,2917.0,2917.0,2917.0,2917.0,35000.0
60,Charge,2.6.2.,Electroménager (605),4434.0,0.0,1134.0,0.0,0.0,0.0,1207.0,0.0,0.0,530.0,1211.0,0.0,8517.0,1799.0,0.0,0.0,0.0,1846.0,0.0,0.0,0.0,550.0,0.0,775.0,0.0,4970.0,2303.0,0.0,0.0,0.0,0.0,577.0,0.0,0.0,0.0,0.0,537.0,0.0,3417.0,1595.0,0.0,2070.0,0.0,0.0,298.0,1405.0,0.0,0.0,0.0,0.0,0.0,5368.0,0.0,0.0,0.0,0.0,0.0,0.0,0.0,0.0,0.0,0.0,0.0,0.0,0.0,0.0,0.0,0.0,0.0,0.0,0.0,0.0,0.0,0.0,0.0,0.0,0.0,0.0
61,Charge,2.6.3.,"Mobilier, équipement (renouvellement)",11418.0,0.0,12320.0,0.0,0.0,0.0,0.0,0.0,6050.0,4170.0,2980.0,0.0,36938.0,2780.0,0.0,2980.0,1490.0,2080.0,1845.0,0.0,350.0,1490.0,0.0,0.0,0.0,13015.0,7408.0,0.0,0.0,210.0,0.0,0.0,3221.0,780.0,0.0,0.0,1075.0,0.0,12694.0,860.0,0.0,0.0,0.0,0.0,0.0,1024.0,447.0,0.0,0.0,0.0,0.0,2332.0,0.0,0.0,0.0,0.0,0.0,0.0,0.0,0.0,0.0,0.0,0.0,0.0,0.0,0.0,0.0,0.0,0.0,0.0,0.0,0.0,0.0,0.0,0.0,0.0,0.0,0.0
62,Charge,2.6.4.,Récupération sur les locataires,-293.0,-2731.0,-1357.0,-855.0,-1702.0,0.0,-805.0,-752.0,-1499.0,-631.0,-141.0,-1826.0,-12591.0,-552.0,-125.0,-259.0,-724.0,-1678.0,-10440.0,-2298.0,-57.0,-773.0,-1381.0,-1152.0,-1722.0,-21160.0,-1124.0,-1162.0,-82.0,-2550.0,-256.0,-2488.0,-687.0,-1597.0,-2402.0,-1998.0,-145.0,-1719.0,-16209.0,-1886.0,-115.0,-2214.0,-1628.0,-1716.0,-443.0,-1073.0,-2522.0,0.0,0.0,0.0,0.0,-11598.0,0.0,0.0,0.0,0.0,0.0,0.0,0.0,0.0,0.0,0.0,0.0,0.0,0.0,0.0,0.0,0.0,0.0,0.0,0.0,0.0,0.0,0.0,0.0,0.0,0.0,0.0
63,Charge,2.7.,REMISE EN ETAT PARTIES COMMUNES,820.0,821.0,2750.0,140.0,0.0,3684.0,0.0,0.0,600.0,0.0,-2863.0,0.0,5952.0,3193.0,378.0,600.0,225.0,1644.0,1206.0,2000.0,568.0,1419.0,5956.0,0.0,317.0,17505.0,4968.0,3787.0,2638.0,595.0,1005.0,6464.0,2239.0,2950.0,0.0,858.0,858.0,-1363.0,24998.0,13619.0,750.0,0.0,0.0,1587.0,2973.0,26672.0,-125.0,0.0,0.0,0.0,0.0,45476.0,0.0,0.0,0.0,0.0,0.0,0.0,0.0,0.0,0.0,0.0,0.0,0.0,0.0,417.0,417.0,417.0,417.0,417.0,417.0,417.0,417.0,417.0,417.0,417.0,417.0,5000.0
64,Charge,2.7.1.,Réparation Partie Commune (Syndic + Résidence),820.0,821.0,2750.0,140.0,0.0,3684.0,0.0,0.0,600.0,0.0,-2863.0,0.0,5952.0,3193.0,378.0,600.0,225.0,1644.0,1206.0,2000.0,568.0,1419.0,5956.0,0.0,317.0,17505.0,4968.0,3787.0,2638.0,595.0,1005.0,6464.0,2239.0,2950.0,0.0,858.0,858.0,-1363.0,24998.0,13619.0,750.0,0.0,0.0,1587.0,2973.0,26672.0,-125.0,0.0,0.0,0.0,0.0,45476.0,0.0,0.0,0.0,0.0,0.0,0.0,0.0,0.0,0.0,0.0,0.0,0.0,0.0,417.0,417.0,417.0,417.0,417.0,417.0,417.0,417.0,417.0,417.0,417.0,417.0,5000.0
65,Charge,2.7.1.3.,Réparation Partie Commune,820.0,821.0,2750.0,140.0,0.0,3684.0,0.0,0.0,600.0,0.0,-2863.0,0.0,5952.0,3192.0,378.0,600.0,225.0,1644.0,2058.0,2000.0,568.0,1419.0,5956.0,0.0,-535.0,17504.0,4968.0,3787.0,2638.0,595.0,1005.0,6464.0,2239.0,2950.0,0.0,858.0,858.0,-1363.0,24998.0,13619.0,750.0,0.0,0.0,1587.0,2973.0,26672.0,626.0,0.0,0.0,0.0,0.0,46228.0,0.0,0.0,0.0,0.0,0.0,0.0,0.0,0.0,0.0,0.0,0.0,0.0,0.0,417.0,417.0,417.0,417.0,417.0,417.0,417.0,417.0,417.0,417.0,417.0,417.0,5000.0
66,Charge,2.7.1.3.2.,Réparation - chauffage,0.0,0.0,0.0,140.0,0.0,0.0,0.0,0.0,0.0,0.0,0.0,0.0,140.0,0.0,0.0,0.0,0.0,0.0,0.0,1003.0,0.0,0.0,0.0,0.0,-1003.0,0.0,0.0,0.0,0.0,0.0,0.0,0.0,0.0,0.0,0.0,0.0,0.0,0.0,0.0,0.0,0.0,0.0,0.0,0.0,0.0,0.0,0.0,0.0,0.0,0.0,0.0,0.0,0.0,0.0,0.0,0.0,0.0,0.0,0.0,0.0,0.0,0.0,0.0,0.0,0.0,0.0,0.0,0.0,0.0,0.0,0.0,0.0,0.0,0.0,0.0,0.0,0.0,0.0
67,Charge,2.7.1.3.3.,Réparation - ascenseurs,820.0,0.0,2750.0,0.0,0.0,0.0,0.0,0.0,0.0,0.0,-2863.0,0.0,707.0,2295.0,0.0,0.0,0.0,0.0,0.0,0.0,568.0,0.0,0.0,0.0,0.0,2863.0,0.0,0.0,0.0,0.0,0.0,0.0,0.0,0.0,0.0,858.0,858.0,0.0,1715.0,2732.0,0.0,0.0,0.0,0.0,0.0,0.0,0.0,0.0,0.0,0.0,0.0,2732.0,0.0,0.0,0.0,0.0,0.0,0.0,0.0,0.0,0.0,0.0,0.0,0.0,0.0,0.0,0.0,0.0,0.0,0.0,0.0,0.0,0.0,0.0,0.0,0.0,0.0,0.0
68,Charge,2.7.1.3.4.,Réparation - parking,0.0,0.0,0.0,0.0,0.0,0.0,0.0,0.0,0.0,0.0,0.0,0.0,0.0,86.0,0.0,0.0,0.0,0.0,0.0,0.0,0.0,0.0,0.0,0.0,0.0,86.0,425.0,0.0,0.0,0.0,0.0,0.0,0.0,0.0,0.0,0.0,0.0,0.0,425.0,5826.0,0.0,0.0,0.0,0.0,0.0,0.0,0.0,0.0,0.0,0.0,0.0,5826.0,0.0,0.0,0.0,0.0,0.0,0.0,0.0,0.0,0.0,0.0,0.0,0.0,0.0,0.0,0.0,0.0,0.0,0.0,0.0,0.0,0.0,0.0,0.0,0.0,0.0,0.0
69,Charge,2.7.1.3.6.,Réparation - sécurité,0.0,0.0,0.0,0.0,0.0,0.0,0.0,0.0,0.0,0.0,0.0,0.0,0.0,0.0,0.0,0.0,0.0,0.0,2058.0,0.0,0.0,0.0,0.0,0.0,0.0,2058.0,0.0,0.0,0.0,0.0,0.0,6464.0,0.0,0.0,0.0,0.0,0.0,0.0,6464.0,0.0,0.0,0.0,0.0,0.0,0.0,0.0,0.0,0.0,0.0,0.0,0.0,0.0,0.0,0.0,0.0,0.0,0.0,0.0,0.0,0.0,0.0,0.0,0.0,0.0,0.0,0.0,0.0,0.0,0.0,0.0,0.0,0.0,0.0,0.0,0.0,0.0,0.0,0.0
70,Charge,2.7.1.3.8.,Réparation - Réparation diverse,0.0,0.0,0.0,0.0,0.0,0.0,0.0,0.0,0.0,0.0,0.0,0.0,0.0,0.0,378.0,0.0,0.0,0.0,0.0,0.0,0.0,739.0,5956.0,0.0,1178.0,8250.0,3160.0,0.0,170.0,595.0,0.0,0.0,1439.0,0.0,0.0,0.0,0.0,0.0,5365.0,511.0,0.0,0.0,0.0,180.0,0.0,0.0,0.0,0.0,0.0,0.0,0.0,691.0,0.0,0.0,0.0,0.0,0.0,0.0,0.0,0.0,0.0,0.0,0.0,0.0,0.0,0.0,0.0,0.0,0.0,0.0,0.0,0.0,0.0,0.0,0.0,0.0,0.0,0.0
71,Charge,2.7.1.3.12.,Réparation - Toiture,0.0,0.0,0.0,0.0,0.0,0.0,0.0,0.0,600.0,0.0,0.0,0.0,600.0,0.0,0.0,0.0,0.0,934.0,0.0,0.0,0.0,0.0,0.0,0.0,0.0,934.0,0.0,0.0,0.0,0.0,0.0,0.0,0.0,0.0,0.0,0.0,0.0,0.0,0.0,0.0,750.0,0.0,0.0,0.0,0.0,0.0,0.0,0.0,0.0,0.0,0.0,750.0,0.0,0.0,0.0,0.0,0.0,0.0,0.0,0.0,0.0,0.0,0.0,0.0,0.0,0.0,0.0,0.0,0.0,0.0,0.0,0.0,0.0,0.0,0.0,0.0,0.0,0.0
72,Charge,2.7.1.3.14.,Réparation - réparation PC syndic,0.0,0.0,0.0,0.0,0.0,0.0,0.0,0.0,0.0,0.0,0.0,0.0,0.0,0.0,0.0,0.0,0.0,710.0,0.0,0.0,0.0,0.0,0.0,0.0,-710.0,0.0,358.0,0.0,0.0,0.0,1005.0,0.0,0.0,0.0,0.0,0.0,0.0,-1363.0,0.0,0.0,0.0,0.0,0.0,0.0,179.0,20731.0,626.0,0.0,0.0,0.0,0.0,21537.0,0.0,0.0,0.0,0.0,0.0,0.0,0.0,0.0,0.0,0.0,0.0,0.0,0.0,0.0,0.0,0.0,0.0,0.0,0.0,0.0,0.0,0.0,0.0,0.0,0.0,0.0
73,Charge,2.7.1.4.,Prise en charge par fonds de prévoyance Copropriétaires,0.0,0.0,0.0,0.0,0.0,0.0,0.0,0.0,0.0,0.0,0.0,0.0,0.0,0.0,0.0,0.0,0.0,0.0,-852.0,0.0,0.0,0.0,0.0,0.0,852.0,0.0,0.0,0.0,0.0,0.0,0.0,0.0,0.0,0.0,0.0,0.0,0.0,0.0,0.0,0.0,0.0,0.0,0.0,0.0,0.0,0.0,-752.0,0.0,0.0,0.0,0.0,-752.0,0.0,0.0,0.0,0.0,0.0,0.0,0.0,0.0,0.0,0.0,0.0,0.0,0.0,0.0,0.0,0.0,0.0,0.0,0.0,0.0,0.0,0.0,0.0,0.0,0.0,0.0
74,Charge,2.8.,LINGE ET BLANCHISSAGE,292.0,239.0,747.0,274.0,0.0,0.0,432.0,586.0,334.0,429.0,339.0,62.0,3734.0,485.0,745.0,351.0,419.0,301.0,0.0,711.0,498.0,533.0,0.0,0.0,316.0,4359.0,323.0,0.0,0.0,238.0,0.0,397.0,1046.0,135.0,611.0,302.0,130.0,169.0,3350.0,0.0,0.0,278.0,0.0,376.0,0.0,0.0,650.0,625.0,309.0,133.0,348.0,2718.0,330.0,0.0,0.0,243.0,0.0,406.0,1070.0,138.0,625.0,309.0,133.0,348.0,3602.0,211.0,190.0,206.0,198.0,204.0,202.0,204.0,206.0,199.0,207.0,200.0,209.0,2435.0
75,Charge,2.8.1.,Location de linge + nettoyage de linge,292.0,239.0,747.0,274.0,0.0,0.0,432.0,586.0,334.0,429.0,339.0,62.0,3734.0,485.0,745.0,351.0,419.0,301.0,0.0,711.0,498.0,533.0,0.0,0.0,316.0,4359.0,323.0,0.0,0.0,238.0,0.0,397.0,1046.0,135.0,611.0,302.0,130.0,169.0,3350.0,0.0,0.0,278.0,0.0,376.0,0.0,0.0,650.0,625.0,309.0,133.0,348.0,2718.0,330.0,0.0,0.0,243.0,0.0,406.0,1070.0,138.0,625.0,309.0,133.0,348.0,3602.0,211.0,190.0,206.0,198.0,204.0,202.0,204.0,206.0,199.0,207.0,200.0,209.0,2435.0
76,Charge,2.9.,FOURNITURES D'EXPLOITATION,4460.0,197.0,7062.0,713.0,1038.0,5.0,4146.0,72.0,1830.0,331.0,0.0,0.0,19855.0,3535.0,1769.0,488.0,1583.0,3930.0,264.0,0.0,1709.0,0.0,0.0,0.0,32.0,13309.0,1130.0,0.0,0.0,0.0,0.0,0.0,442.0,0.0,606.0,843.0,0.0,0.0,3022.0,332.0,570.0,524.0,0.0,1103.0,0.0,0.0,840.0,1103.0,780.0,1100.0,700.0,7052.0,1124.0,0.0,0.0,0.0,0.0,0.0,440.0,0.0,603.0,780.0,0.0,0.0,2948.0,339.0,582.0,534.0,0.0,1125.0,0.0,0.0,0.0,1115.0,796.0,1100.0,700.0,6291.0
77,Charge,2.9.1.,Produits et matériel d'entretien,2967.0,14.0,1822.0,713.0,0.0,0.0,810.0,72.0,1830.0,0.0,0.0,0.0,8229.0,2368.0,1769.0,488.0,388.0,3118.0,96.0,0.0,1417.0,0.0,0.0,0.0,0.0,9642.0,1130.0,0.0,0.0,0.0,0.0,0.0,442.0,0.0,606.0,784.0,0.0,0.0,2962.0,0.0,0.0,0.0,0.0,160.0,0.0,0.0,840.0,603.0,780.0,600.0,700.0,3683.0,1124.0,0.0,0.0,0.0,0.0,0.0,440.0,0.0,603.0,780.0,0.0,0.0,2948.0,0.0,0.0,0.0,0.0,163.0,0.0,0.0,0.0,615.0,796.0,600.0,700.0,2874.0
78,Charge,2.9.3.,Vaisselle logement et cafétaria,1493.0,0.0,1150.0,0.0,1038.0,0.0,728.0,0.0,0.0,331.0,0.0,0.0,4740.0,1166.0,0.0,0.0,1196.0,812.0,168.0,0.0,292.0,0.0,0.0,0.0,0.0,3634.0,0.0,0.0,0.0,0.0,0.0,0.0,0.0,0.0,0.0,0.0,0.0,0.0,0.0,0.0,0.0,0.0,0.0,0.0,0.0,0.0,0.0,0.0,0.0,0.0,0.0,0.0,0.0,0.0,0.0,0.0,0.0,0.0,0.0,0.0,0.0,0.0,0.0,0.0,0.0,0.0,0.0,0.0,0.0,0.0,0.0,0.0,0.0,0.0,0.0,0.0,0.0,0.0
79,Charge,2.9.3.2.,Vaisselle,1493.0,0.0,1150.0,0.0,1038.0,0.0,728.0,0.0,0.0,331.0,0.0,0.0,4740.0,1166.0,0.0,0.0,1196.0,812.0,168.0,0.0,292.0,0.0,0.0,0.0,0.0,3634.0,0.0,0.0,0.0,0.0,0.0,0.0,0.0,0.0,0.0,0.0,0.0,0.0,0.0,0.0,0.0,0.0,0.0,0.0,0.0,0.0,0.0,0.0,0.0,0.0,0.0,0.0,0.0,0.0,0.0,0.0,0.0,0.0,0.0,0.0,0.0,0.0,0.0,0.0,0.0,0.0,0.0,0.0,0.0,0.0,0.0,0.0,0.0,0.0,0.0,0.0,0.0,0.0
80,Charge,2.9.5.,Achat petit équip. et fourn. / charges diverses d'exploit,0.0,183.0,4090.0,0.0,0.0,5.0,2608.0,0.0,0.0,0.0,0.0,0.0,6886.0,0.0,0.0,0.0,0.0,0.0,0.0,0.0,0.0,0.0,0.0,0.0,32.0,32.0,0.0,0.0,0.0,0.0,0.0,0.0,0.0,0.0,0.0,59.0,0.0,0.0,59.0,332.0,570.0,524.0,0.0,943.0,0.0,0.0,0.0,500.0,0.0,500.0,0.0,3369.0,0.0,0.0,0.0,0.0,0.0,0.0,0.0,0.0,0.0,0.0,0.0,0.0,0.0,339.0,582.0,534.0,0.0,962.0,0.0,0.0,0.0,500.0,0.0,500.0,0.0,3417.0
81,Charge,2.9.5.4.,Achat - charges diverses d'exploitation,0.0,183.0,0.0,0.0,0.0,5.0,0.0,0.0,0.0,0.0,0.0,0.0,188.0,0.0,0.0,0.0,0.0,0.0,0.0,0.0,0.0,0.0,0.0,0.0,32.0,32.0,0.0,0.0,0.0,0.0,0.0,0.0,0.0,0.0,0.0,59.0,0.0,0.0,59.0,332.0,570.0,524.0,0.0,943.0,0.0,0.0,0.0,500.0,0.0,500.0,0.0,3369.0,0.0,0.0,0.0,0.0,0.0,0.0,0.0,0.0,0.0,0.0,0.0,0.0,0.0,339.0,582.0,534.0,0.0,962.0,0.0,0.0,0.0,500.0,0.0,500.0,0.0,3417.0
82,Charge,2.9.5.7.,Divers matériel et mobilier,0.0,0.0,4090.0,0.0,0.0,0.0,2608.0,0.0,0.0,0.0,0.0,0.0,6698.0,0.0,0.0,0.0,0.0,0.0,0.0,0.0,0.0,0.0,0.0,0.0,0.0,0.0,0.0,0.0,0.0,0.0,0.0,0.0,0.0,0.0,0.0,0.0,0.0,0.0,0.0,0.0,0.0,0.0,0.0,0.0,0.0,0.0,0.0,0.0,0.0,0.0,0.0,0.0,0.0,0.0,0.0,0.0,0.0,0.0,0.0,0.0,0.0,0.0,0.0,0.0,0.0,0.0,0.0,0.0,0.0,0.0,0.0,0.0,0.0,0.0,0.0,0.0,0.0,0.0
83,Charge,2.10.,ACHAT ALIMENTAIRE PDJ,0.0,0.0,0.0,0.0,0.0,0.0,0.0,0.0,0.0,0.0,0.0,0.0,0.0,0.0,0.0,0.0,0.0,0.0,0.0,0.0,0.0,0.0,0.0,0.0,0.0,0.0,0.0,0.0,0.0,0.0,0.0,0.0,0.0,0.0,0.0,0.0,0.0,0.0,0.0,0.0,0.0,0.0,0.0,0.0,0.0,0.0,0.0,0.0,0.0,0.0,0.0,0.0,0.0,0.0,0.0,0.0,0.0,0.0,0.0,0.0,0.0,0.0,0.0,0.0,0.0,0.0,0.0,0.0,0.0,0.0,0.0,0.0,0.0,0.0,0.0,0.0,0.0,0.0
84,Charge,2.12.,"LOCATIONS, HONORAIRES, SACEM ET TV",0.0,177.0,3244.0,6.0,2518.0,54.0,1145.0,0.0,-1711.0,208.0,143.0,534.0,6319.0,290.0,795.0,444.0,943.0,631.0,60.0,127.0,165.0,253.0,1245.0,2990.0,671.0,8613.0,144.0,612.0,701.0,809.0,321.0,0.0,712.0,75.0,0.0,0.0,1272.0,0.0,4647.0,1175.0,880.0,644.0,4949.0,706.0,-31.0,714.0,362.0,1000.0,2319.0,500.0,0.0,13217.0,2056.0,0.0,0.0,2056.0,0.0,383.0,2788.0,2265.0,0.0,2319.0,0.0,0.0,11866.0,1223.0,897.0,657.0,7076.0,720.0,-54.0,728.0,0.0,1000.0,2365.0,500.0,0.0,15113.0
85,Charge,2.12.2.,Location immobilière (parking),0.0,0.0,0.0,0.0,0.0,0.0,0.0,0.0,0.0,0.0,0.0,0.0,0.0,0.0,0.0,0.0,0.0,0.0,0.0,0.0,0.0,0.0,0.0,0.0,0.0,0.0,0.0,0.0,0.0,0.0,0.0,0.0,0.0,0.0,0.0,0.0,0.0,0.0,0.0,0.0,0.0,0.0,0.0,0.0,0.0,0.0,0.0,0.0,0.0,0.0,0.0,0.0,0.0,0.0,0.0,0.0,0.0,0.0,0.0,0.0,0.0,0.0,0.0,0.0,0.0,0.0,0.0,0.0,2028.0,0.0,0.0,0.0,0.0,0.0,0.0,0.0,0.0,2028.0
86,Charge,2.12.2.1.,Location Immobilières,0.0,0.0,0.0,0.0,0.0,0.0,0.0,0.0,0.0,0.0,0.0,0.0,0.0,0.0,0.0,0.0,0.0,0.0,0.0,0.0,0.0,0.0,0.0,0.0,0.0,0.0,0.0,0.0,0.0,0.0,0.0,0.0,0.0,0.0,0.0,0.0,0.0,0.0,0.0,0.0,0.0,0.0,0.0,0.0,0.0,0.0,0.0,0.0,0.0,0.0,0.0,0.0,0.0,0.0,0.0,0.0,0.0,0.0,0.0,0.0,0.0,0.0,0.0,0.0,0.0,0.0,0.0,0.0,2028.0,0.0,0.0,0.0,0.0,0.0,0.0,0.0,0.0,2028.0
87,Charge,2.12.3.,Honoraire contentieux Gestion,0.0,177.0,1271.0,6.0,2518.0,1040.0,159.0,0.0,262.0,208.0,143.0,534.0,6319.0,290.0,795.0,444.0,943.0,597.0,60.0,127.0,165.0,253.0,1245.0,2990.0,671.0,8580.0,144.0,612.0,701.0,809.0,321.0,0.0,746.0,75.0,0.0,0.0,1272.0,0.0,4680.0,1175.0,880.0,644.0,1058.0,706.0,-31.0,714.0,0.0,1000.0,2319.0,500.0,0.0,8964.0,2056.0,0.0,0.0,2056.0,0.0,383.0,2788.0,2265.0,0.0,2319.0,0.0,0.0,11866.0,1199.0,897.0,657.0,1079.0,720.0,-32.0,728.0,0.0,1000.0,2365.0,500.0,0.0,9113.0
88,Charge,2.12.3.1.,Honoraire - juridiques et contentieux,0.0,177.0,771.0,6.0,18.0,1027.0,159.0,0.0,262.0,208.0,143.0,500.0,3272.0,290.0,795.0,444.0,918.0,606.0,43.0,67.0,165.0,253.0,1230.0,2990.0,654.0,8455.0,144.0,612.0,701.0,809.0,321.0,0.0,728.0,75.0,0.0,0.0,1272.0,0.0,4662.0,206.0,880.0,644.0,1058.0,706.0,457.0,226.0,0.0,1000.0,0.0,500.0,0.0,5675.0,0.0,0.0,0.0,0.0,0.0,0.0,0.0,0.0,0.0,0.0,0.0,0.0,0.0,210.0,897.0,657.0,1079.0,720.0,467.0,230.0,0.0,1000.0,0.0,500.0,0.0,5759.0
89,Charge,2.12.3.2.,Honoraire - divers,0.0,0.0,500.0,0.0,2500.0,13.0,0.0,0.0,0.0,0.0,0.0,34.0,3047.0,0.0,0.0,0.0,25.0,-9.0,17.0,61.0,0.0,0.0,15.0,0.0,17.0,125.0,0.0,0.0,0.0,0.0,0.0,0.0,18.0,0.0,0.0,0.0,0.0,0.0,18.0,969.0,0.0,0.0,0.0,0.0,-489.0,489.0,0.0,0.0,2319.0,0.0,0.0,3288.0,2056.0,0.0,0.0,2056.0,0.0,383.0,2788.0,2265.0,0.0,2319.0,0.0,0.0,11866.0,989.0,0.0,0.0,0.0,0.0,-498.0,498.0,0.0,0.0,2365.0,0.0,0.0,3354.0
90,Charge,2.12.5.,Sacem,0.0,0.0,0.0,0.0,0.0,0.0,0.0,0.0,0.0,0.0,0.0,0.0,0.0,0.0,0.0,0.0,0.0,33.0,0.0,0.0,0.0,0.0,0.0,0.0,0.0,33.0,0.0,0.0,0.0,0.0,0.0,0.0,-33.0,0.0,0.0,0.0,0.0,0.0,-33.0,0.0,0.0,0.0,0.0,0.0,0.0,0.0,0.0,0.0,0.0,0.0,0.0,0.0,0.0,0.0,0.0,0.0,0.0,0.0,0.0,0.0,0.0,0.0,0.0,0.0,0.0,25.0,0.0,0.0,0.0,0.0,-22.0,0.0,0.0,0.0,0.0,0.0,0.0,2.0
91,Charge,2.12.6.,Redevance audio-visuelle,0.0,0.0,1973.0,0.0,0.0,-986.0,986.0,0.0,-1973.0,0.0,0.0,0.0,0.0,0.0,0.0,0.0,0.0,0.0,0.0,0.0,0.0,0.0,0.0,0.0,0.0,0.0,0.0,0.0,0.0,0.0,0.0,0.0,0.0,0.0,0.0,0.0,0.0,0.0,0.0,0.0,0.0,0.0,0.0,0.0,0.0,0.0,0.0,0.0,0.0,0.0,0.0,0.0,0.0,0.0,0.0,0.0,0.0,0.0,0.0,0.0,0.0,0.0,0.0,0.0,0.0,0.0,0.0,0.0,0.0,0.0,0.0,0.0,0.0,0.0,0.0,0.0,0.0,0.0
92,Charge,2.12.8.,Sous-traitance générale,0.0,0.0,0.0,0.0,0.0,0.0,0.0,0.0,0.0,0.0,0.0,0.0,0.0,0.0,0.0,0.0,0.0,0.0,0.0,0.0,0.0,0.0,0.0,0.0,0.0,0.0,0.0,0.0,0.0,0.0,0.0,0.0,0.0,0.0,0.0,0.0,0.0,0.0,0.0,0.0,0.0,0.0,3891.0,0.0,0.0,0.0,362.0,0.0,0.0,0.0,0.0,4253.0,0.0,0.0,0.0,0.0,0.0,0.0,0.0,0.0,0.0,0.0,0.0,0.0,0.0,0.0,0.0,0.0,3969.0,0.0,0.0,0.0,0.0,0.0,0.0,0.0,0.0,3969.0
93,Charge,2.13.,DEPLACEMENT ET MISSION,85.0,0.0,202.0,202.0,216.0,0.0,0.0,0.0,73.0,0.0,0.0,128.0,905.0,104.0,259.0,222.0,239.0,252.0,210.0,154.0,155.0,67.0,134.0,131.0,144.0,2072.0,133.0,78.0,128.0,108.0,76.0,195.0,87.0,17.0,176.0,0.0,108.0,14.0,1120.0,122.0,63.0,0.0,104.0,0.0,120.0,64.0,53.0,271.0,66.0,304.0,435.0,1603.0,212.0,206.0,235.0,321.0,350.0,298.0,268.0,158.0,271.0,66.0,304.0,435.0,3124.0,124.0,64.0,0.0,106.0,0.0,122.0,66.0,54.0,277.0,67.0,311.0,444.0,1635.0
94,Charge,2.14.,PUBLICITE,1332.0,132.0,387.0,202.0,169.0,-17.0,868.0,29.0,64.0,464.0,623.0,509.0,4762.0,1031.0,97.0,390.0,41.0,96.0,-115.0,700.0,148.0,143.0,21.0,75.0,277.0,2903.0,1060.0,218.0,167.0,3.0,42.0,234.0,802.0,81.0,141.0,74.0,168.0,20.0,3011.0,99.0,504.0,110.0,146.0,216.0,600.0,448.0,406.0,282.0,63.0,0.0,0.0,2874.0,443.0,443.0,443.0,443.0,443.0,443.0,443.0,443.0,443.0,448.0,448.0,448.0,5327.0,674.0,674.0,674.0,674.0,675.0,675.0,676.0,676.0,668.0,668.0,668.0,668.0,8071.0
95,Charge,2.14.1.,Publicité locale (résidence),0.0,0.0,0.0,0.0,0.0,0.0,0.0,0.0,0.0,0.0,0.0,0.0,0.0,0.0,0.0,0.0,0.0,0.0,0.0,0.0,0.0,74.0,0.0,0.0,28.0,102.0,71.0,0.0,0.0,0.0,0.0,0.0,0.0,0.0,4.0,0.0,0.0,0.0,75.0,0.0,0.0,0.0,0.0,0.0,0.0,0.0,0.0,282.0,63.0,0.0,0.0,344.0,0.0,0.0,0.0,0.0,0.0,0.0,0.0,0.0,0.0,0.0,0.0,0.0,0.0,0.0,0.0,0.0,0.0,0.0,0.0,0.0,0.0,0.0,0.0,0.0,0.0,0.0
96,Charge,2.14.7.,Publicité Estudines,516.0,132.0,387.0,202.0,169.0,394.0,457.0,29.0,64.0,464.0,623.0,509.0,3947.0,148.0,97.0,260.0,41.0,96.0,330.0,255.0,148.0,69.0,21.0,75.0,249.0,1788.0,89.0,218.0,167.0,3.0,42.0,686.0,350.0,81.0,137.0,74.0,168.0,20.0,2036.0,99.0,504.0,110.0,146.0,216.0,600.0,448.0,406.0,0.0,0.0,0.0,0.0,2530.0,443.0,443.0,443.0,443.0,443.0,443.0,443.0,443.0,443.0,448.0,448.0,448.0,5327.0,674.0,674.0,674.0,674.0,675.0,675.0,676.0,676.0,668.0,668.0,668.0,668.0,8071.0
97,Charge,2.14.10.,"Autres frais commerciaux  (ex : touraction, mno…)",815.0,0.0,0.0,0.0,0.0,-411.0,411.0,0.0,0.0,0.0,0.0,0.0,815.0,883.0,0.0,130.0,0.0,0.0,-445.0,445.0,0.0,0.0,0.0,0.0,0.0,1013.0,900.0,0.0,0.0,0.0,0.0,-453.0,453.0,0.0,0.0,0.0,0.0,0.0,900.0,0.0,0.0,0.0,0.0,0.0,0.0,0.0,0.0,0.0,0.0,0.0,0.0,0.0,0.0,0.0,0.0,0.0,0.0,0.0,0.0,0.0,0.0,0.0,0.0,0.0,0.0,0.0,0.0,0.0,0.0,0.0,0.0,0.0,0.0,0.0,0.0,0.0,0.0,0.0
98,Charge,2.15.,Publicité Internet,152.0,142.0,187.0,189.0,305.0,493.0,928.0,485.0,225.0,60.0,257.0,-302.0,3122.0,480.0,92.0,182.0,182.0,305.0,297.0,738.0,343.0,78.0,56.0,74.0,30.0,2857.0,241.0,89.0,177.0,181.0,305.0,398.0,765.0,431.0,126.0,418.0,48.0,-117.0,3063.0,290.0,89.0,174.0,249.0,289.0,354.0,961.0,341.0,202.0,672.0,76.0,755.0,4452.0,480.0,480.0,480.0,480.0,480.0,480.0,480.0,480.0,480.0,486.0,486.0,486.0,5781.0,339.0,339.0,339.0,339.0,339.0,339.0,340.0,340.0,336.0,336.0,336.0,336.0,4056.0
99,Charge,2.16.,FOURNITURES ADMINISTRATIVES,572.0,16.0,13.0,42.0,99.0,0.0,42.0,0.0,95.0,26.0,82.0,-11.0,976.0,434.0,37.0,0.0,97.0,17.0,0.0,29.0,111.0,19.0,361.0,20.0,756.0,1881.0,74.0,20.0,0.0,29.0,20.0,266.0,29.0,20.0,144.0,42.0,197.0,-14.0,826.0,43.0,44.0,64.0,30.0,0.0,0.0,30.0,22.0,675.0,75.0,75.0,225.0,1283.0,75.0,75.0,75.0,75.0,75.0,75.0,75.0,75.0,75.0,75.0,75.0,75.0,900.0,44.0,45.0,66.0,31.0,0.0,0.0,31.0,0.0,676.0,76.0,76.0,226.0,1272.0
100,Charge,2.16.1.,"Fournitures (bureau, contrat, reprographie…)",548.0,16.0,0.0,16.0,99.0,0.0,16.0,0.0,95.0,0.0,82.0,-11.0,859.0,408.0,17.0,0.0,68.0,17.0,0.0,0.0,111.0,0.0,333.0,20.0,748.0,1721.0,13.0,20.0,0.0,0.0,20.0,266.0,0.0,20.0,-13.0,13.0,197.0,-14.0,521.0,14.0,44.0,64.0,0.0,0.0,0.0,0.0,22.0,450.0,0.0,0.0,150.0,745.0,0.0,0.0,0.0,0.0,0.0,0.0,0.0,0.0,0.0,0.0,0.0,0.0,0.0,15.0,45.0,66.0,0.0,0.0,0.0,0.0,0.0,450.0,0.0,0.0,150.0,725.0
101,Charge,2.16.1.1.,Fournitures administratives,548.0,0.0,0.0,0.0,99.0,0.0,0.0,0.0,95.0,0.0,0.0,0.0,741.0,396.0,0.0,0.0,68.0,0.0,0.0,0.0,93.0,0.0,333.0,0.0,68.0,957.0,0.0,0.0,0.0,0.0,0.0,266.0,0.0,0.0,0.0,0.0,0.0,0.0,266.0,0.0,0.0,64.0,0.0,0.0,0.0,0.0,0.0,250.0,0.0,0.0,150.0,464.0,0.0,0.0,0.0,0.0,0.0,0.0,0.0,0.0,0.0,0.0,0.0,0.0,0.0,0.0,0.0,66.0,0.0,0.0,0.0,0.0,0.0,250.0,0.0,0.0,150.0,466.0
102,Charge,2.16.1.3.,Reprographie,0.0,16.0,0.0,16.0,0.0,0.0,16.0,0.0,0.0,0.0,82.0,-11.0,118.0,11.0,17.0,0.0,0.0,17.0,0.0,0.0,18.0,0.0,0.0,20.0,680.0,764.0,13.0,20.0,0.0,0.0,20.0,0.0,0.0,20.0,-13.0,13.0,197.0,-14.0,255.0,14.0,44.0,0.0,0.0,0.0,0.0,0.0,22.0,200.0,0.0,0.0,0.0,280.0,0.0,0.0,0.0,0.0,0.0,0.0,0.0,0.0,0.0,0.0,0.0,0.0,0.0,15.0,45.0,0.0,0.0,0.0,0.0,0.0,0.0,200.0,0.0,0.0,0.0,260.0
103,Charge,2.16.2.,Frais postaux,0.0,0.0,13.0,0.0,0.0,0.0,0.0,0.0,0.0,0.0,0.0,0.0,13.0,0.0,0.0,0.0,0.0,0.0,0.0,0.0,0.0,19.0,0.0,0.0,8.0,27.0,12.0,0.0,0.0,0.0,0.0,0.0,0.0,0.0,158.0,0.0,0.0,0.0,170.0,0.0,0.0,0.0,0.0,0.0,0.0,0.0,0.0,150.0,0.0,0.0,0.0,150.0,0.0,0.0,0.0,0.0,0.0,0.0,0.0,0.0,0.0,0.0,0.0,0.0,0.0,0.0,0.0,0.0,0.0,0.0,0.0,0.0,0.0,150.0,0.0,0.0,0.0,150.0
104,Charge,2.16.3.,Frais bancaires (compte séparé),24.0,0.0,0.0,26.0,0.0,0.0,26.0,0.0,0.0,26.0,0.0,0.0,104.0,26.0,20.0,0.0,29.0,0.0,0.0,29.0,0.0,0.0,29.0,0.0,0.0,133.0,49.0,0.0,0.0,29.0,0.0,0.0,29.0,0.0,0.0,29.0,0.0,0.0,135.0,29.0,0.0,0.0,30.0,0.0,0.0,30.0,0.0,75.0,75.0,75.0,75.0,389.0,75.0,75.0,75.0,75.0,75.0,75.0,75.0,75.0,75.0,75.0,75.0,75.0,900.0,29.0,0.0,0.0,31.0,0.0,0.0,31.0,0.0,76.0,76.0,76.0,76.0,396.0
105,Charge,2.16.3.1.,Frais bancaires,0.0,0.0,0.0,0.0,0.0,0.0,0.0,0.0,0.0,0.0,0.0,0.0,0.0,0.0,0.0,0.0,0.0,0.0,0.0,0.0,0.0,0.0,0.0,0.0,0.0,0.0,0.0,0.0,0.0,0.0,0.0,0.0,0.0,0.0,0.0,0.0,0.0,0.0,0.0,0.0,0.0,0.0,0.0,0.0,0.0,0.0,0.0,75.0,75.0,75.0,75.0,300.0,75.0,75.0,75.0,75.0,75.0,75.0,75.0,75.0,75.0,75.0,75.0,75.0,900.0,0.0,0.0,0.0,0.0,0.0,0.0,0.0,0.0,76.0,76.0,76.0,76.0,306.0
106,Charge,2.16.3.2.,Frais financiers,24.0,0.0,0.0,26.0,0.0,0.0,26.0,0.0,0.0,26.0,0.0,0.0,104.0,26.0,20.0,0.0,29.0,0.0,0.0,29.0,0.0,0.0,29.0,0.0,0.0,133.0,49.0,0.0,0.0,29.0,0.0,0.0,29.0,0.0,0.0,29.0,0.0,0.0,135.0,29.0,0.0,0.0,30.0,0.0,0.0,30.0,0.0,0.0,0.0,0.0,0.0,89.0,0.0,0.0,0.0,0.0,0.0,0.0,0.0,0.0,0.0,0.0,0.0,0.0,0.0,29.0,0.0,0.0,31.0,0.0,0.0,31.0,0.0,0.0,0.0,0.0,0.0,91.0
107,Charge,2.17.,TELEPHONIE - INTERNET - INFORMATIQUE,-561.0,205.0,5913.0,210.0,554.0,6282.0,225.0,222.0,306.0,5944.0,205.0,5917.0,25421.0,526.0,199.0,189.0,5916.0,969.0,6265.0,199.0,2357.0,275.0,5916.0,-198.0,5822.0,28433.0,489.0,305.0,11570.0,-5611.0,141.0,5852.0,502.0,134.0,5740.0,278.0,148.0,5853.0,25401.0,362.0,126.0,5977.0,132.0,136.0,5842.0,100.0,106.0,6803.0,340.0,140.0,7587.0,27650.0,0.0,205.0,13327.0,-6663.0,0.0,6663.0,0.0,0.0,6663.0,0.0,0.0,7297.0,27491.0,370.0,128.0,6097.0,134.0,139.0,5959.0,102.0,150.0,6947.0,350.0,150.0,7743.0,28267.0
108,Charge,2.17.1.,Téléphone (C° et Abonnement),183.0,205.0,187.0,210.0,218.0,219.0,225.0,222.0,306.0,217.0,205.0,190.0,2586.0,190.0,199.0,189.0,189.0,969.0,202.0,199.0,2357.0,275.0,189.0,-198.0,95.0,4854.0,153.0,130.0,117.0,116.0,141.0,126.0,142.0,134.0,193.0,98.0,148.0,126.0,1622.0,2.0,126.0,250.0,132.0,136.0,116.0,100.0,106.0,140.0,140.0,140.0,140.0,1527.0,0.0,0.0,0.0,0.0,0.0,0.0,0.0,0.0,0.0,0.0,0.0,0.0,0.0,2.0,128.0,255.0,134.0,139.0,118.0,102.0,150.0,150.0,150.0,150.0,150.0,1628.0
109,Charge,2.17.2.,Internet (location de ligne),-744.0,0.0,5727.0,0.0,0.0,5727.0,0.0,0.0,0.0,5727.0,0.0,5727.0,22163.0,0.0,0.0,0.0,5727.0,0.0,5727.0,0.0,0.0,0.0,5727.0,0.0,5727.0,22907.0,0.0,176.0,11453.0,-5727.0,0.0,5727.0,0.0,0.0,5727.0,0.0,0.0,5727.0,23083.0,0.0,0.0,5727.0,0.0,0.0,5727.0,0.0,0.0,6663.0,0.0,0.0,7297.0,25413.0,0.0,205.0,13327.0,-6663.0,0.0,6663.0,0.0,0.0,6663.0,0.0,0.0,7297.0,27491.0,0.0,0.0,5841.0,0.0,0.0,5841.0,0.0,0.0,6797.0,0.0,0.0,7443.0,25922.0
110,Charge,2.17.3.,Informatique,0.0,0.0,0.0,0.0,336.0,336.0,0.0,0.0,0.0,0.0,0.0,0.0,672.0,336.0,0.0,0.0,0.0,0.0,336.0,0.0,0.0,0.0,0.0,0.0,0.0,672.0,336.0,0.0,0.0,0.0,0.0,0.0,360.0,0.0,-180.0,180.0,0.0,0.0,696.0,360.0,0.0,0.0,0.0,0.0,0.0,0.0,0.0,0.0,200.0,0.0,150.0,710.0,0.0,0.0,0.0,0.0,0.0,0.0,0.0,0.0,0.0,0.0,0.0,0.0,0.0,367.0,0.0,0.0,0.0,0.0,0.0,0.0,0.0,0.0,200.0,0.0,150.0,717.0
111,Charge,2.17.3.2.,Informatique - Logiciels / licences,0.0,0.0,0.0,0.0,336.0,336.0,0.0,0.0,0.0,0.0,0.0,0.0,672.0,336.0,0.0,0.0,0.0,0.0,336.0,0.0,0.0,0.0,0.0,0.0,0.0,672.0,336.0,0.0,0.0,0.0,0.0,0.0,360.0,0.0,-180.0,180.0,0.0,0.0,696.0,360.0,0.0,0.0,0.0,0.0,0.0,0.0,0.0,0.0,200.0,0.0,150.0,710.0,0.0,0.0,0.0,0.0,0.0,0.0,0.0,0.0,0.0,0.0,0.0,0.0,0.0,367.0,0.0,0.0,0.0,0.0,0.0,0.0,0.0,0.0,200.0,0.0,150.0,717.0
112,Marge,3.,MARGE 1,53541.0,116352.0,43904.0,95627.0,109683.0,93433.0,107068.0,118035.0,107415.0,119508.0,154658.0,62154.0,1181378.0,118483.0,130211.0,101098.0,104597.0,101861.0,134092.0,131668.0,139111.0,138649.0,127430.0,128409.0,96613.0,1452222.0,29911.0,134318.0,110267.0,150553.0,139821.0,140992.0,130641.0,152964.0,143765.0,148593.0,148025.0,99643.0,1529494.0,157936.0,145677.0,113457.0,103927.0,137476.0,130310.0,100610.0,151405.0,137004.0,136684.0,142836.0,58112.0,1515435.0,73243.0,120976.0,110583.0,154820.0,146796.0,139445.0,136960.0,147770.0,144510.0,154443.0,153621.0,72080.0,1555249.0,106921.0,148385.0,123100.0,147603.0,146724.0,133827.0,141031.0,149480.0,142200.0,146377.0,145480.0,88279.0,1619405.0
113,Chiffre d'affaire,4.,% DES RECETTES TOTALES,32.13,81.94,31.49,60.64,82.34,68.2,61.05,83.63,70.67,59.37,94.99,42.15,63.65,64.7,82.2,65.18,56.27,64.41,77.49,68.8,83.61,80.62,63.17,75.47,64.35,70.31,14.97,81.03,65.18,76.42,81.89,81.91,64.1,86.73,80.58,71.36,82.12,58.05,69.73,74.47,81.99,65.96,51.68,82.18,76.58,51.16,87.09,78.5,66.89,82.74,36.33,69.44,36.34,72.38,64.93,77.91,85.21,80.27,66.53,82.96,80.24,73.42,84.51,43.42,70.51,51.05,84.01,71.04,72.02,85.4,75.87,69.01,83.62,80.63,70.77,82.17,53.24,72.89
114,Charge,5.,Total 1,10202.0,152911.0,72424.0,10180.0,150198.0,74496.0,12774.0,155515.0,67735.0,50897.0,151388.0,94604.0,1003325.0,10799.0,152838.0,81965.0,15778.0,164277.0,80226.0,13769.0,156716.0,81974.0,15700.0,167317.0,91252.0,1032612.0,22305.0,165359.0,82191.0,16579.0,166592.0,79553.0,7397.0,177987.0,79083.0,25288.0,165756.0,100222.0,1088310.0,18072.0,160935.0,106435.0,10848.0,160423.0,83645.0,14504.0,179574.0,82483.0,22622.0,170506.0,105548.0,1115597.0,22768.0,172370.0,85556.0,17312.0,173553.0,83044.0,8573.0,184309.0,82483.0,22622.0,170506.0,105548.0,1128644.0,18134.0,18610.0,242678.0,18740.0,18789.0,242646.0,19076.0,19195.0,243111.0,19118.0,19052.0,246783.0,1125933.0
115,Charge,5.1.,AMORTISSEMENT et CREDIT BAIL,914.0,832.0,848.0,821.0,975.0,866.0,1234.0,1747.0,1885.0,1700.0,1650.0,1846.0,15318.0,1970.0,1780.0,1962.0,1884.0,1947.0,1944.0,1945.0,1906.0,1842.0,3227.0,2342.0,2402.0,25150.0,2391.0,2237.0,2400.0,2341.0,2419.0,2327.0,2416.0,2372.0,2341.0,2560.0,2110.0,2181.0,28095.0,2225.0,2009.0,2224.0,2153.0,2225.0,2153.0,2594.0,2552.0,2616.0,0.0,0.0,2436.0,23186.0,2815.0,2633.0,2815.0,2724.0,2815.0,2724.0,2785.0,2715.0,2616.0,0.0,0.0,2436.0,27076.0,2747.0,2532.0,2747.0,2675.0,2747.0,2675.0,3116.0,3074.0,2992.0,3074.0,2992.0,3074.0,34447.0
116,Charge,5.1.1.,Loyer location financière et Crédit bail,0.0,0.0,0.0,0.0,113.0,0.0,0.0,46.0,240.0,0.0,0.0,0.0,399.0,0.0,0.0,0.0,0.0,0.0,0.0,0.0,0.0,0.0,0.0,0.0,0.0,0.0,0.0,0.0,0.0,0.0,0.0,0.0,0.0,0.0,0.0,0.0,0.0,0.0,0.0,0.0,0.0,0.0,0.0,0.0,0.0,0.0,0.0,0.0,0.0,0.0,0.0,0.0,0.0,0.0,0.0,0.0,0.0,0.0,0.0,0.0,0.0,0.0,0.0,0.0,0.0,0.0,0.0,0.0,0.0,0.0,0.0,0.0,0.0,0.0,0.0,0.0,0.0,0.0
117,Charge,5.1.1.1.,Loyer - Véhicule,0.0,0.0,0.0,0.0,0.0,0.0,0.0,46.0,240.0,0.0,0.0,0.0,286.0,0.0,0.0,0.0,0.0,0.0,0.0,0.0,0.0,0.0,0.0,0.0,0.0,0.0,0.0,0.0,0.0,0.0,0.0,0.0,0.0,0.0,0.0,0.0,0.0,0.0,0.0,0.0,0.0,0.0,0.0,0.0,0.0,0.0,0.0,0.0,0.0,0.0,0.0,0.0,0.0,0.0,0.0,0.0,0.0,0.0,0.0,0.0,0.0,0.0,0.0,0.0,0.0,0.0,0.0,0.0,0.0,0.0,0.0,0.0,0.0,0.0,0.0,0.0,0.0,0.0
118,Charge,5.1.1.4.,Loyer - Divers,0.0,0.0,0.0,0.0,113.0,0.0,0.0,0.0,0.0,0.0,0.0,0.0,113.0,0.0,0.0,0.0,0.0,0.0,0.0,0.0,0.0,0.0,0.0,0.0,0.0,0.0,0.0,0.0,0.0,0.0,0.0,0.0,0.0,0.0,0.0,0.0,0.0,0.0,0.0,0.0,0.0,0.0,0.0,0.0,0.0,0.0,0.0,0.0,0.0,0.0,0.0,0.0,0.0,0.0,0.0,0.0,0.0,0.0,0.0,0.0,0.0,0.0,0.0,0.0,0.0,0.0,0.0,0.0,0.0,0.0,0.0,0.0,0.0,0.0,0.0,0.0,0.0,0.0
119,Charge,5.1.2.,Amortissement matériel,0.0,0.0,0.0,0.0,0.0,0.0,0.0,0.0,0.0,0.0,0.0,0.0,0.0,0.0,0.0,0.0,0.0,0.0,0.0,0.0,0.0,0.0,0.0,0.0,0.0,0.0,0.0,0.0,0.0,0.0,0.0,0.0,0.0,0.0,0.0,0.0,0.0,0.0,0.0,0.0,0.0,0.0,0.0,0.0,0.0,0.0,0.0,3.0,0.0,0.0,0.0,3.0,3.0,3.0,3.0,3.0,3.0,3.0,3.0,3.0,3.0,0.0,0.0,0.0,28.0,0.0,0.0,0.0,0.0,0.0,0.0,0.0,0.0,0.0,0.0,0.0,0.0,0.0
120,Charge,5.1.2.1.,Amortissement - Téléphonie,0.0,0.0,0.0,0.0,0.0,0.0,0.0,0.0,0.0,0.0,0.0,0.0,0.0,0.0,0.0,0.0,0.0,0.0,0.0,0.0,0.0,0.0,0.0,0.0,0.0,0.0,0.0,0.0,0.0,0.0,0.0,0.0,0.0,0.0,0.0,0.0,0.0,0.0,0.0,0.0,0.0,0.0,0.0,0.0,0.0,0.0,0.0,3.0,0.0,0.0,0.0,3.0,3.0,3.0,3.0,3.0,3.0,3.0,3.0,3.0,3.0,0.0,0.0,0.0,28.0,0.0,0.0,0.0,0.0,0.0,0.0,0.0,0.0,0.0,0.0,0.0,0.0,0.0
121,Charge,5.1.3.,Amortissement Mobilier Travaux,756.0,683.0,756.0,732.0,756.0,732.0,1096.0,1562.0,1511.0,1562.0,1511.0,1562.0,13218.0,1563.0,1412.0,1555.0,1490.0,1539.0,1550.0,1538.0,1499.0,1448.0,2445.0,1824.0,1867.0,19728.0,1858.0,1738.0,1866.0,1824.0,1885.0,1811.0,1838.0,1793.0,1727.0,1817.0,1416.0,1463.0,21036.0,1467.0,1325.0,1467.0,1420.0,1467.0,1420.0,1837.0,1794.0,2613.0,0.0,0.0,2436.0,17246.0,2811.0,2630.0,2812.0,2721.0,2812.0,2721.0,2781.0,2712.0,2613.0,0.0,0.0,2436.0,27048.0,1961.0,1823.0,1961.0,1915.0,1961.0,1915.0,2331.0,2289.0,2232.0,2289.0,2232.0,2289.0,25200.0
122,Charge,5.1.3.1.,Mat. Para Hôtelier - Amortissement,28.0,25.0,28.0,27.0,28.0,27.0,28.0,28.0,27.0,28.0,27.0,28.0,328.0,28.0,25.0,28.0,27.0,28.0,27.0,28.0,28.0,27.0,28.0,27.0,28.0,328.0,28.0,26.0,37.0,54.0,56.0,40.0,28.0,28.0,27.0,228.0,27.0,28.0,606.0,28.0,25.0,28.0,27.0,28.0,27.0,28.0,28.0,0.0,0.0,0.0,0.0,218.0,0.0,0.0,0.0,0.0,0.0,0.0,0.0,0.0,0.0,0.0,0.0,0.0,0.0,0.0,0.0,0.0,0.0,0.0,0.0,0.0,0.0,0.0,0.0,0.0,0.0,0.0
123,Charge,5.1.3.3.,Mobilier - Amortissement,728.0,658.0,728.0,705.0,728.0,705.0,1068.0,1534.0,1484.0,1534.0,1484.0,1534.0,12890.0,1535.0,1387.0,1527.0,1463.0,1512.0,1523.0,1510.0,1471.0,1421.0,2417.0,1797.0,1839.0,19401.0,1830.0,1712.0,1830.0,1771.0,1830.0,1771.0,1810.0,1765.0,1701.0,1589.0,1389.0,1435.0,20430.0,1439.0,1300.0,1439.0,1393.0,1439.0,1393.0,1809.0,1767.0,2613.0,0.0,0.0,2436.0,17028.0,2811.0,2630.0,2812.0,2721.0,2812.0,2721.0,2781.0,2712.0,2613.0,0.0,0.0,2436.0,27048.0,1961.0,1823.0,1961.0,1915.0,1961.0,1915.0,2331.0,2289.0,2232.0,2289.0,2232.0,2289.0,25200.0
124,Charge,5.1.4.,Agencement - Amortissement 80200003,92.0,84.0,92.0,89.0,106.0,134.0,139.0,139.0,134.0,139.0,139.0,284.0,1570.0,407.0,368.0,407.0,394.0,407.0,394.0,407.0,407.0,394.0,782.0,518.0,535.0,5422.0,534.0,499.0,534.0,516.0,534.0,516.0,578.0,579.0,614.0,743.0,694.0,718.0,7059.0,757.0,684.0,757.0,733.0,758.0,733.0,757.0,758.0,0.0,0.0,0.0,0.0,5938.0,0.0,0.0,0.0,0.0,0.0,0.0,0.0,0.0,0.0,0.0,0.0,0.0,0.0,785.0,709.0,785.0,760.0,785.0,760.0,785.0,785.0,760.0,785.0,760.0,785.0,9246.0
125,Charge,5.1.6.,Mobilier - CB et Loc Financière,66.0,66.0,0.0,0.0,0.0,0.0,0.0,0.0,0.0,0.0,0.0,0.0,131.0,0.0,0.0,0.0,0.0,0.0,0.0,0.0,0.0,0.0,0.0,0.0,0.0,0.0,0.0,0.0,0.0,0.0,0.0,0.0,0.0,0.0,0.0,0.0,0.0,0.0,0.0,0.0,0.0,0.0,0.0,0.0,0.0,0.0,0.0,0.0,0.0,0.0,0.0,0.0,0.0,0.0,0.0,0.0,0.0,0.0,0.0,0.0,0.0,0.0,0.0,0.0,0.0,0.0,0.0,0.0,0.0,0.0,0.0,0.0,0.0,0.0,0.0,0.0,0.0,0.0
126,Charge,5.2.,LOYERS REVERSES PROPRIETAIRES,0.0,146138.0,62560.0,0.0,146138.0,62560.0,-30.0,145852.0,63114.0,0.0,147747.0,64309.0,838387.0,0.0,147747.0,64309.0,0.0,148694.0,64350.0,0.0,148396.0,64329.0,0.0,153404.0,66012.0,857241.0,0.0,153404.0,66012.0,0.0,153404.0,66012.0,0.0,153404.0,66012.0,0.0,156300.0,67740.0,882289.0,0.0,156300.0,67740.0,0.0,156300.0,67260.0,0.0,155489.0,68618.0,0.0,162472.0,71632.0,905812.0,0.0,159461.0,68618.0,0.0,159461.0,68618.0,0.0,159461.0,68618.0,0.0,162472.0,71632.0,918344.0,0.0,0.0,228031.0,0.0,0.0,228031.0,0.0,0.0,228031.0,0.0,0.0,232592.0,916686.0
127,Charge,5.2.1.,Loyers reversés aux propriétaires,0.0,146138.0,62560.0,0.0,146138.0,62560.0,-30.0,145852.0,63114.0,0.0,147747.0,64309.0,838387.0,0.0,147747.0,64309.0,0.0,148694.0,64350.0,0.0,148396.0,64329.0,0.0,153404.0,66012.0,857241.0,0.0,153404.0,66012.0,0.0,153404.0,66012.0,0.0,153404.0,66012.0,0.0,156300.0,67740.0,882289.0,0.0,156300.0,67740.0,0.0,156300.0,67260.0,0.0,155489.0,68618.0,0.0,162472.0,71632.0,905812.0,0.0,159461.0,68618.0,0.0,159461.0,68618.0,0.0,159461.0,68618.0,0.0,162472.0,71632.0,918344.0,0.0,0.0,228031.0,0.0,0.0,228031.0,0.0,0.0,228031.0,0.0,0.0,232592.0,916686.0
128,Charge,5.3.,GROS TRAVAUX,0.0,0.0,0.0,0.0,0.0,0.0,0.0,0.0,0.0,26540.0,0.0,0.0,26540.0,0.0,0.0,0.0,0.0,0.0,0.0,0.0,0.0,0.0,0.0,0.0,0.0,0.0,0.0,0.0,0.0,0.0,0.0,0.0,0.0,0.0,0.0,0.0,0.0,0.0,0.0,0.0,0.0,0.0,0.0,0.0,0.0,0.0,0.0,943.0,943.0,943.0,943.0,3771.0,943.0,943.0,943.0,943.0,943.0,943.0,943.0,943.0,943.0,943.0,943.0,943.0,11312.0,0.0,0.0,0.0,0.0,0.0,0.0,0.0,0.0,0.0,0.0,0.0,0.0,0.0
129,Charge,5.3.1.,Gros travaux Parties Privatives,0.0,0.0,0.0,0.0,0.0,0.0,0.0,0.0,0.0,0.0,0.0,0.0,0.0,0.0,0.0,0.0,0.0,0.0,0.0,0.0,0.0,0.0,0.0,0.0,0.0,0.0,0.0,0.0,0.0,0.0,0.0,0.0,0.0,0.0,0.0,0.0,0.0,0.0,0.0,0.0,0.0,0.0,0.0,0.0,0.0,0.0,0.0,943.0,943.0,943.0,943.0,3771.0,943.0,943.0,943.0,943.0,943.0,943.0,943.0,943.0,943.0,943.0,943.0,943.0,11312.0,0.0,0.0,0.0,0.0,0.0,0.0,0.0,0.0,0.0,0.0,0.0,0.0,0.0
130,Charge,5.3.2.,Gros travaux Parties Communes,0.0,0.0,0.0,0.0,0.0,0.0,0.0,0.0,0.0,26540.0,0.0,0.0,26540.0,0.0,0.0,0.0,0.0,0.0,0.0,0.0,0.0,0.0,0.0,0.0,0.0,0.0,0.0,0.0,0.0,0.0,0.0,0.0,0.0,0.0,0.0,0.0,0.0,0.0,0.0,0.0,0.0,0.0,0.0,0.0,0.0,0.0,0.0,0.0,0.0,0.0,0.0,0.0,0.0,0.0,0.0,0.0,0.0,0.0,0.0,0.0,0.0,0.0,0.0,0.0,0.0,0.0,0.0,0.0,0.0,0.0,0.0,0.0,0.0,0.0,0.0,0.0,0.0,0.0
131,Charge,5.4.,INCIDENCE T.V.A,8247.0,6477.0,8809.0,7896.0,3704.0,10501.0,9958.0,8346.0,1988.0,20677.0,1888.0,27834.0,116325.0,7568.0,2082.0,14624.0,12450.0,12492.0,12502.0,10304.0,5115.0,14493.0,10854.0,10267.0,21673.0,134424.0,18466.0,8376.0,12485.0,12600.0,9372.0,9781.0,3582.0,20757.0,9234.0,21289.0,5905.0,28861.0,160708.0,13224.0,2870.0,35534.0,6955.0,2291.0,13198.0,10215.0,21640.0,8757.0,20190.0,5601.0,29211.0,169684.0,17513.0,7944.0,11840.0,11949.0,8888.0,9276.0,3397.0,19686.0,8757.0,20190.0,5601.0,29211.0,154251.0,13628.0,13628.0,13628.0,13628.0,13628.0,13628.0,13628.0,13628.0,13628.0,13628.0,13628.0,13628.0,163538.0
132,Charge,5.4.1.,Incidence TVA (cc + prorata de gestion),8247.0,6477.0,8809.0,7896.0,3704.0,10501.0,9958.0,8346.0,1988.0,20677.0,1888.0,8629.0,97120.0,7568.0,2082.0,14624.0,12450.0,12492.0,12502.0,10304.0,5115.0,14493.0,10854.0,10267.0,2083.0,114835.0,18466.0,8376.0,12485.0,12600.0,9372.0,9781.0,3582.0,20757.0,9234.0,21289.0,5905.0,8880.0,140727.0,13224.0,2870.0,35534.0,6955.0,2291.0,13198.0,10215.0,21640.0,8757.0,20190.0,5601.0,8631.0,149104.0,17513.0,7944.0,11840.0,11949.0,8888.0,9276.0,3397.0,19686.0,8757.0,20190.0,5601.0,8631.0,133671.0,11879.0,11879.0,11879.0,11879.0,11879.0,11879.0,11879.0,11879.0,11879.0,11879.0,11879.0,11879.0,142546.0
133,Charge,5.4.2.,Incidence TVA liée MDG et GARDIEN,0.0,0.0,0.0,0.0,0.0,0.0,0.0,0.0,0.0,0.0,0.0,19205.0,19205.0,0.0,0.0,0.0,0.0,0.0,0.0,0.0,0.0,0.0,0.0,0.0,19589.0,19589.0,0.0,0.0,0.0,0.0,0.0,0.0,0.0,0.0,0.0,0.0,0.0,19981.0,19981.0,0.0,0.0,0.0,0.0,0.0,0.0,0.0,0.0,0.0,0.0,0.0,20580.0,20580.0,0.0,0.0,0.0,0.0,0.0,0.0,0.0,0.0,0.0,0.0,0.0,20580.0,20580.0,1749.0,1749.0,1749.0,1749.0,1749.0,1749.0,1749.0,1749.0,1749.0,1749.0,1749.0,1749.0,20992.0
134,Charge,5.5.,CET (ex Taxe Pro),1040.0,-536.0,207.0,1463.0,-619.0,570.0,1612.0,-429.0,748.0,1980.0,103.0,615.0,6754.0,1261.0,1230.0,1070.0,1444.0,1144.0,1430.0,1519.0,1299.0,1309.0,1619.0,1304.0,1166.0,15796.0,1448.0,1341.0,1294.0,1638.0,1397.0,1432.0,1400.0,1453.0,1496.0,1440.0,1440.0,1440.0,17219.0,2624.0,-245.0,937.0,1740.0,-392.0,1035.0,1695.0,-107.0,1549.0,1490.0,1490.0,1327.0,13143.0,1499.0,1389.0,1340.0,1696.0,1446.0,1483.0,1449.0,1505.0,1549.0,1490.0,1490.0,1327.0,17662.0,1759.0,2449.0,-1728.0,2436.0,2414.0,-1689.0,2332.0,2493.0,-1541.0,2416.0,2432.0,-2512.0,11263.0
135,Marge,6.,MARGE 2,43339.0,-36559.0,-28520.0,85447.0,-40515.0,18937.0,94294.0,-37480.0,39680.0,68611.0,3270.0,-32450.0,178054.0,107683.0,-22627.0,19133.0,88819.0,-62416.0,53867.0,117899.0,-17605.0,56676.0,111729.0,-38908.0,5361.0,419611.0,7606.0,-31041.0,28076.0,133974.0,-26771.0,61439.0,123243.0,-25023.0,64682.0,123305.0,-17730.0,-578.0,441184.0,139864.0,-15258.0,7021.0,93078.0,-22947.0,46665.0,86106.0,-28168.0,54521.0,114062.0,-27670.0,-47436.0,399838.0,50474.0,-51394.0,25028.0,137509.0,-26756.0,56401.0,128387.0,-36539.0,62027.0,131821.0,-16885.0,-33468.0,426605.0,88787.0,129775.0,-119578.0,128863.0,127934.0,-108820.0,121955.0,130285.0,-100911.0,127258.0,126428.0,-158504.0,493472.0
136,Chiffre d'affaire,7.,% DES RECETTES TOTALES,26.01,-25.75,-20.46,54.19,-30.41,13.82,53.77,-26.56,26.11,34.09,2.01,-22.01,9.59,58.81,-14.28,12.33,47.78,-39.47,31.13,61.61,-10.58,32.96,55.38,-22.87,3.57,20.32,3.81,-18.73,16.6,68.0,-15.68,35.69,60.47,-14.19,36.25,59.22,-9.84,-0.34,20.11,65.95,-8.59,4.08,46.29,-13.72,27.42,43.78,-16.2,31.24,55.82,-16.03,-29.65,18.32,25.04,-30.75,14.7,69.2,-15.53,32.47,62.37,-20.51,34.44,62.67,-9.29,-20.16,19.34,42.39,73.47,-69.01,62.87,74.47,-61.69,59.68,72.88,-57.22,61.52,71.41,-95.6,22.21
137,Charge,8.,Total 2,4914.0,630.0,25586.0,7573.0,245.0,26242.0,16199.0,24738.0,200.0,9269.0,989.0,22253.0,138837.0,5519.0,1112.0,27484.0,13356.0,1118.0,34254.0,6559.0,495.0,27636.0,14052.0,18969.0,18840.0,169394.0,18997.0,14788.0,11087.0,20918.0,16444.0,12869.0,34894.0,14864.0,15309.0,39127.0,17136.0,543.0,216976.0,23045.0,15784.0,17155.0,23739.0,16919.0,15634.0,24157.0,15494.0,14871.0,21495.0,14993.0,14821.0,218108.0,20867.0,15166.0,14951.0,21277.0,15122.0,14582.0,21333.0,14858.0,14871.0,21495.0,14993.0,14821.0,204336.0,20674.0,13394.0,14793.0,21382.0,14553.0,13241.0,21808.0,13099.0,14091.0,20527.0,14215.0,14039.0,195815.0
138,Charge,8.1.,PRESTATIONS INTERNES (Y/C Honoraires syndic),0.0,0.0,24600.0,0.0,0.0,25104.0,10452.0,23982.0,0.0,1951.0,0.0,22908.0,108997.0,0.0,0.0,26509.0,5682.0,0.0,32974.0,0.0,0.0,26509.0,6465.0,17673.0,17543.0,133356.0,14520.0,12176.0,9754.0,13985.0,13985.0,13514.0,27812.0,13906.0,14110.0,31151.0,15474.0,-203.0,180184.0,15654.0,15654.0,15654.0,15654.0,15654.0,15654.0,15654.0,15654.0,14059.0,14059.0,14059.0,14059.0,181468.0,14059.0,14059.0,14059.0,14059.0,14059.0,14059.0,14059.0,14059.0,14059.0,14059.0,14059.0,14059.0,168703.0,14039.0,14039.0,14039.0,14039.0,14039.0,14039.0,14039.0,14039.0,14039.0,14039.0,14039.0,14039.0,168469.0
139,Charge,8.2.,FRAIS DES SOCIETES,-1422.0,630.0,986.0,1237.0,995.0,1139.0,-588.0,756.0,200.0,982.0,989.0,-655.0,5248.0,-817.0,1112.0,974.0,1338.0,1118.0,1280.0,224.0,495.0,1126.0,1251.0,1296.0,1297.0,10696.0,-1859.0,2612.0,1333.0,598.0,2460.0,-645.0,746.0,958.0,1199.0,1640.0,1662.0,746.0,11449.0,1056.0,130.0,1501.0,1750.0,1265.0,-20.0,2167.0,-160.0,813.0,911.0,934.0,762.0,11108.0,283.0,1107.0,892.0,693.0,1063.0,524.0,749.0,799.0,813.0,911.0,934.0,762.0,9531.0,300.0,-645.0,754.0,1007.0,513.0,-798.0,1433.0,-940.0,52.0,152.0,176.0,0.0,2004.0
140,Charge,8.2.1.,Frais des sociétés RSG,595.0,595.0,595.0,595.0,595.0,595.0,595.0,595.0,595.0,595.0,595.0,595.0,7140.0,722.0,722.0,722.0,722.0,722.0,722.0,722.0,722.0,722.0,722.0,722.0,722.0,8666.0,740.0,740.0,740.0,740.0,740.0,740.0,740.0,740.0,740.0,740.0,740.0,740.0,8877.0,762.0,762.0,762.0,762.0,762.0,762.0,762.0,762.0,762.0,762.0,762.0,762.0,9143.0,762.0,762.0,762.0,762.0,762.0,762.0,762.0,762.0,762.0,762.0,762.0,762.0,9143.0,0.0,0.0,0.0,0.0,0.0,0.0,0.0,0.0,0.0,0.0,0.0,0.0,0.0
141,Charge,8.2.7.,Incidence congés payés,-2017.0,35.0,391.0,642.0,400.0,544.0,-1183.0,161.0,-396.0,387.0,394.0,-1250.0,-1892.0,-1539.0,390.0,252.0,616.0,395.0,558.0,-498.0,-227.0,404.0,529.0,574.0,575.0,2030.0,-2598.0,1872.0,593.0,-142.0,1720.0,-1385.0,6.0,218.0,460.0,901.0,922.0,6.0,2573.0,294.0,-632.0,739.0,988.0,503.0,-782.0,1405.0,-922.0,51.0,149.0,172.0,0.0,1965.0,-479.0,345.0,130.0,-69.0,301.0,-238.0,-13.0,37.0,51.0,149.0,172.0,0.0,388.0,300.0,-645.0,754.0,1007.0,513.0,-798.0,1433.0,-940.0,52.0,152.0,176.0,0.0,2004.0
142,Charge,8.3.,HONORAIRES SYNDIC,6336.0,0.0,0.0,6336.0,0.0,0.0,6336.0,0.0,0.0,6336.0,0.0,0.0,25342.0,6336.0,0.0,0.0,6336.0,0.0,0.0,6336.0,0.0,0.0,6336.0,0.0,0.0,25342.0,6336.0,0.0,0.0,6336.0,0.0,0.0,6336.0,0.0,0.0,6336.0,0.0,0.0,25342.0,6336.0,0.0,0.0,6336.0,0.0,0.0,6336.0,0.0,0.0,6526.0,0.0,0.0,25532.0,6526.0,0.0,0.0,6526.0,0.0,0.0,6526.0,0.0,0.0,6526.0,0.0,0.0,26102.0,6336.0,0.0,0.0,6336.0,0.0,0.0,6336.0,0.0,0.0,6336.0,0.0,0.0,25342.0
143,Charge,8.4.,CHARGES EXCEPTIONNELLES,0.0,0.0,0.0,0.0,-750.0,0.0,0.0,0.0,0.0,0.0,0.0,0.0,-750.0,0.0,0.0,0.0,0.0,0.0,0.0,0.0,0.0,0.0,0.0,0.0,0.0,0.0,0.0,0.0,0.0,0.0,0.0,0.0,0.0,0.0,0.0,0.0,0.0,0.0,0.0,0.0,0.0,0.0,0.0,0.0,0.0,0.0,0.0,0.0,0.0,0.0,0.0,0.0,0.0,0.0,0.0,0.0,0.0,0.0,0.0,0.0,0.0,0.0,0.0,0.0,0.0,0.0,0.0,0.0,0.0,0.0,0.0,0.0,0.0,0.0,0.0,0.0,0.0,0.0
144,Charge,8.4.1.,Mobilier revendu aux propriétaires,0.0,0.0,0.0,0.0,-750.0,0.0,0.0,0.0,0.0,0.0,0.0,0.0,-750.0,0.0,0.0,0.0,0.0,0.0,0.0,0.0,0.0,0.0,0.0,0.0,0.0,0.0,0.0,0.0,0.0,0.0,0.0,0.0,0.0,0.0,0.0,0.0,0.0,0.0,0.0,0.0,0.0,0.0,0.0,0.0,0.0,0.0,0.0,0.0,0.0,0.0,0.0,0.0,0.0,0.0,0.0,0.0,0.0,0.0,0.0,0.0,0.0,0.0,0.0,0.0,0.0,0.0,0.0,0.0,0.0,0.0,0.0,0.0,0.0,0.0,0.0,0.0,0.0,0.0
145,Marge,9.,MARGE 3,38426.0,-37189.0,-54106.0,77874.0,-40760.0,-7305.0,78095.0,-62218.0,39481.0,59342.0,2281.0,-54703.0,39216.0,102165.0,-23739.0,-8351.0,75463.0,-63534.0,19612.0,111340.0,-18100.0,29040.0,97678.0,-57878.0,-13479.0,250217.0,-11390.0,-45829.0,16989.0,113056.0,-43215.0,48570.0,88349.0,-39887.0,49373.0,84178.0,-34866.0,-1121.0,224208.0,116819.0,-31042.0,-10134.0,69339.0,-39866.0,31031.0,61949.0,-43662.0,39650.0,92566.0,-42663.0,-62257.0,181730.0,29607.0,-66560.0,10077.0,116232.0,-41878.0,41819.0,107054.0,-51397.0,47156.0,110325.0,-31878.0,-48289.0,222269.0,68112.0,116381.0,-134371.0,107481.0,113382.0,-122061.0,100147.0,117186.0,-115002.0,106731.0,112213.0,-172543.0,297657.0
146,Chiffre d'affaire,10.,% DES RECETTES TOTALES,23.06,-26.19,-38.81,49.38,-30.6,-5.33,44.53,-44.08,25.98,29.48,1.4,-37.1,2.11,55.79,-14.99,-5.38,40.6,-40.17,11.33,58.18,-10.88,16.89,48.42,-34.02,-8.98,12.11,-5.7,-27.65,10.04,57.39,-25.31,28.22,43.35,-22.61,27.67,40.43,-19.34,-0.65,10.22,55.08,-17.47,-5.89,34.48,-23.83,18.24,31.5,-25.11,22.72,45.3,-24.71,-38.92,8.33,14.69,-39.82,5.92,58.49,-24.31,24.07,52.01,-28.86,26.18,52.45,-17.54,-29.09,10.08,32.52,65.89,-77.55,52.44,66.0,-69.2,49.0,65.55,-65.21,51.6,63.38,-104.07,13.4
147,Chiffre d'affaire,11.,Dotations aux amortissements (CAPEX),849.0,766.0,848.0,821.0,862.0,866.0,1234.0,1700.0,1645.0,1700.0,1650.0,1846.0,14788.0,1970.0,1780.0,1962.0,1884.0,1947.0,1944.0,1945.0,1906.0,1842.0,3227.0,2342.0,2402.0,25150.0,2391.0,2237.0,2400.0,2341.0,2419.0,2327.0,2416.0,2372.0,2341.0,2560.0,2110.0,2181.0,28095.0,2225.0,2009.0,2224.0,2153.0,2225.0,2153.0,2594.0,2552.0,2616.0,0.0,0.0,2436.0,23186.0,2815.0,2633.0,2815.0,2724.0,2815.0,2724.0,2785.0,2715.0,2616.0,0.0,0.0,2436.0,27076.0,2747.0,2532.0,2747.0,2675.0,2747.0,2675.0,3116.0,3074.0,2992.0,3074.0,2992.0,3074.0,34447.0
148,Marge,12.,EBITDA,39274.0,-36423.0,-53258.0,78695.0,-39898.0,-6439.0,79330.0,-60518.0,41126.0,61042.0,3931.0,-52857.0,54004.0,104135.0,-21960.0,-6389.0,77347.0,-61587.0,21556.0,113285.0,-16194.0,30882.0,100905.0,-55536.0,-11077.0,275367.0,-8999.0,-43592.0,19389.0,115397.0,-40796.0,50898.0,90765.0,-37515.0,51714.0,86738.0,-32756.0,1059.0,252303.0,119043.0,-29033.0,-7909.0,71492.0,-37642.0,33184.0,64543.0,-41110.0,42266.0,92566.0,-42663.0,-59821.0,204917.0,32422.0,-63926.0,12892.0,118956.0,-39064.0,44543.0,109838.0,-48682.0,49772.0,110325.0,-31878.0,-45853.0,249344.0,70859.0,118913.0,-131624.0,110156.0,116129.0,-119385.0,103264.0,120260.0,-112009.0,109806.0,115205.0,-169469.0,332103.0
149,Charge,13.,CAPEX,0.0,0.0,0.0,16774.0,5431.0,0.0,41603.0,0.0,0.0,0.0,16644.0,15000.0,95452.0,0.0,0.0,5340.0,6042.0,0.0,13952.0,0.0,15050.0,0.0,-6042.0,0.0,0.0,34342.0,-4140.0,0.0,3276.0,0.0,0.0,0.0,10557.0,0.0,15000.0,-8729.0,0.0,0.0,15964.0,0.0,0.0,0.0,0.0,0.0,8790.0,0.0,10480.0,0.0,0.0,0.0,0.0,19270.0,0.0,0.0,0.0,0.0,0.0,0.0,0.0,0.0,0.0,0.0,0.0,0.0,0.0,0.0,0.0,0.0,0.0,0.0,0.0,0.0,0.0,0.0,0.0,0.0,0.0,0.0
150,Marge,14.,FREE CASH FLOW,39274.0,-36423.0,-53258.0,61921.0,-45329.0,-6439.0,37727.0,-60518.0,41126.0,61042.0,-12713.0,-67857.0,-41447.0,104135.0,-21960.0,-11729.0,71305.0,-61587.0,7603.0,113285.0,-31244.0,30882.0,106947.0,-55536.0,-11077.0,241025.0,-4859.0,-43592.0,16114.0,115397.0,-40796.0,50898.0,80208.0,-37515.0,36714.0,95467.0,-32756.0,1059.0,236339.0,119043.0,-29033.0,-7909.0,71492.0,-37642.0,24394.0,64543.0,-51591.0,42266.0,92566.0,-42663.0,-59821.0,185646.0,32422.0,-63926.0,12892.0,118956.0,-39064.0,44543.0,109838.0,-48682.0,49772.0,110325.0,-31878.0,-45853.0,249344.0,70859.0,118913.0,-131624.0,110156.0,116129.0,-119385.0,103264.0,120260.0,-112009.0,109806.0,115205.0,-169469.0,332103.0
